Company,Product,TypeName,Inches,Cpu,Ram,Weight
Apple,MacBook Pro,Ultrabook,13.3,Intel Core i5 2.3GHz,8GB,1.37kg
Apple,Macbook Air,Ultrabook,13.3,Intel Core i5 1.8GHz,8GB,1.34kg
HP,250 G6,Notebook,15.6,Intel Core i5 7200U 2.5GHz,8GB,1.86kg
Apple,MacBook Pro,Ultrabook,15.4,Intel Core i7 2.7GHz,16GB,1.83kg
Apple,MacBook Pro,Ultrabook,13.3,Intel Core i5 3.1GHz,8GB,1.37kg
Acer,Aspire 3,Notebook,15.6,AMD A9-Series 9420 3GHz,4GB,2.1kg
Apple,MacBook Pro,Ultrabook,15.4,Intel Core i7 2.2GHz,16GB,2.04kg
Apple,Macbook Air,Ultrabook,13.3,Intel Core i5 1.8GHz,8GB,1.34kg
Asus,ZenBook UX430UN,Ultrabook,14.0,Intel Core i7 8550U 1.8GHz,16GB,1.3kg
Acer,Swift 3,Ultrabook,14.0,Intel Core i5 8250U 1.6GHz,8GB,1.6kg
HP,250 G6,Notebook,15.6,Intel Core i5 7200U 2.5GHz,4GB,1.86kg
HP,250 G6,Notebook,15.6,Intel Core i3 6006U 2GHz,4GB,1.86kg
Apple,MacBook Pro,Ultrabook,15.4,Intel Core i7 2.8GHz,16GB,1.83kg
Dell,Inspiron 3567,Notebook,15.6,Intel Core i3 6006U 2GHz,4GB,2.2kg
Apple,"MacBook 12""",Ultrabook,12.0,Intel Core M m3 1.2GHz,8GB,0.92kg
Apple,MacBook Pro,Ultrabook,13.3,Intel Core i5 2.3GHz,8GB,1.37kg
Dell,Inspiron 3567,Notebook,15.6,Intel Core i7 7500U 2.7GHz,8GB,2.2kg
Apple,MacBook Pro,Ultrabook,15.4,Intel Core i7 2.9GHz,16GB,1.83kg
Lenovo,IdeaPad 320-15IKB,Notebook,15.6,Intel Core i3 7100U 2.4GHz,8GB,2.2kg
Dell,XPS 13,Ultrabook,13.3,Intel Core i5 8250U 1.6GHz,8GB,1.22kg
Asus,Vivobook E200HA,Netbook,11.6,Intel Atom x5-Z8350 1.44GHz,2GB,0.98kg
Lenovo,Legion Y520-15IKBN,Gaming,15.6,Intel Core i5 7300HQ 2.5GHz,8GB,2.5kg
HP,255 G6,Notebook,15.6,AMD E-Series E2-9000e 1.5GHz,4GB,1.86kg
Dell,Inspiron 5379,2 in 1 Convertible,13.3,Intel Core i5 8250U 1.6GHz,8GB,1.62kg
HP,15-BS101nv (i7-8550U/8GB/256GB/FHD/W10),Ultrabook,15.6,Intel Core i7 8550U 1.8GHz,8GB,1.91kg
Dell,Inspiron 3567,Notebook,15.6,Intel Core i3 6006U 2GHz,4GB,2.3kg
Apple,MacBook Air,Ultrabook,13.3,Intel Core i5 1.6GHz,8GB,1.35kg
Dell,Inspiron 5570,Notebook,15.6,Intel Core i5 8250U 1.6GHz,8GB,2.2kg
Dell,Latitude 5590,Ultrabook,15.6,Intel Core i7 8650U 1.9GHz,8GB,1.88kg
HP,ProBook 470,Notebook,17.3,Intel Core i5 8250U 1.6GHz,8GB,2.5kg
Chuwi,"LapBook 15.6""",Notebook,15.6,Intel Atom x5-Z8300 1.44GHz,4GB,1.89kg
Asus,E402WA-GA010T (E2-6110/2GB/32GB/W10),Notebook,14.0,AMD E-Series E2-6110 1.5GHz,2GB,1.65kg
HP,17-ak001nv (A6-9220/4GB/500GB/Radeon,Notebook,17.3,AMD A6-Series 9220 2.5GHz,4GB,2.71kg
Dell,XPS 13,Ultrabook,13.3,Intel Core i7 8550U 1.8GHz,16GB,1.2kg
Apple,MacBook Air,Ultrabook,13.3,Intel Core i5 1.6GHz,8GB,1.35kg
Lenovo,IdeaPad 120S-14IAP,Notebook,14.0,Intel Celeron Dual Core N3350 1.1GHz,4GB,1.44kg
Acer,Aspire 3,Notebook,15.6,Intel Core i3 7130U 2.7GHz,4GB,2.1kg
Dell,Inspiron 5770,Notebook,17.3,Intel Core i5 8250U 1.6GHz,8GB,2.8kg
HP,250 G6,Notebook,15.6,Intel Core i5 7200U 2.5GHz,4GB,1.86kg
HP,ProBook 450,Notebook,15.6,Intel Core i5 8250U 1.6GHz,8GB,2.1kg
Asus,X540UA-DM186 (i3-6006U/4GB/1TB/FHD/Linux),Notebook,15.6,Intel Core i3 6006U 2GHz,4GB,2kg
Dell,Inspiron 7577,Gaming,15.6,Intel Core i7 7700HQ 2.8GHz,16GB,2.65kg
Asus,X542UQ-GO005 (i5-7200U/8GB/1TB/GeForce,Notebook,15.6,Intel Core i5 7200U 2.5GHz,8GB,2.3kg
Acer,Aspire A515-51G,Notebook,15.6,Intel Core i5 8250U 1.6GHz,4GB,2.2kg
Dell,Inspiron 7773,2 in 1 Convertible,17.3,Intel Core i5 8250U 1.6GHz,12GB,2.77kg
Apple,MacBook Pro,Ultrabook,13.3,Intel Core i5 2.0GHz,8GB,1.37kg
Lenovo,IdeaPad 320-15ISK,Notebook,15.6,Intel Core i3 6006U 2GHz,4GB,2.2kg
Asus,Rog Strix,Gaming,17.3,AMD Ryzen 1700 3GHz,8GB,3.2kg
Dell,Inspiron 3567,Notebook,15.6,Intel Core i5 7200U 2.5GHz,4GB,2.3kg
Asus,X751NV-TY001T (N4200/4GB/1TB/GeForce,Notebook,17.3,Intel Pentium Quad Core N4200 1.1GHz,4GB,2.8kg
Lenovo,Yoga Book,2 in 1 Convertible,10.1,Intel Atom x5-Z8550 1.44GHz,4GB,0.69kg
Acer,Aspire A515-51G,Notebook,15.6,Intel Core i7 8550U 1.8GHz,8GB,2.2kg
HP,255 G6,Notebook,15.6,AMD A6-Series 9220 2.5GHz,4GB,1.86kg
HP,ProBook 430,Notebook,13.3,Intel Core i7 8550U 1.8GHz,8GB,1.49kg
Acer,Aspire 3,Notebook,15.6,Intel Core i3 7100U 2.4GHz,4GB,2.4kg
Dell,Inspiron 3576,Notebook,15.6,Intel Core i7 8550U 1.8GHz,8GB,2.13kg
HP,15-bs002nv (i3-6006U/4GB/128GB/FHD/W10),Notebook,15.6,Intel Core i3 6006U 2GHz,4GB,1.91kg
Asus,VivoBook Max,Notebook,15.6,Intel Core i5 7200U 2.5GHz,4GB,2kg
MSI,GS73VR 7RG,Gaming,17.3,Intel Core i7 7700HQ 2.8GHz,16GB,2.43kg
Asus,X541UA-DM1897 (i3-6006U/4GB/256GB/FHD/Linux),Notebook,15.6,Intel Core i3 6006U 2GHz,4GB,2kg
Dell,Inspiron 5770,Notebook,17.3,Intel Core i7 8550U 1.8GHz,16GB,2.8kg
Dell,Vostro 5471,Ultrabook,14.0,Intel Core i5 8250U 1.6GHz,8GB,1.7kg
Lenovo,IdeaPad 520S-14IKB,Notebook,14.0,Intel Core i3 7130U 2.7GHz,8GB,1.7kg
Asus,UX410UA-GV350T (i5-8250U/8GB/256GB/FHD/W10),Notebook,14.0,Intel Core i5 8250U 1.6GHz,8GB,1.4kg
HP,250 G6,Notebook,15.6,Intel Core i5 7200U 2.5GHz,8GB,1.86kg
Asus,ZenBook Pro,Ultrabook,15.6,Intel Core i7 7700HQ 2.8GHz,16GB,1.8kg
HP,250 G6,Notebook,15.6,Intel Core i3 6006U 2GHz,4GB,1.86kg
HP,Stream 14-AX040wm,Notebook,14.0,Intel Celeron Dual Core N3060 1.6GHz,4GB,1.44kg
Lenovo,V310-15ISK (i5-7200U/4GB/1TB/FHD/W10),Notebook,15.6,Intel Core i5 7200U 2.5GHz,4GB,1.9kg
Asus,FX753VE-GC093 (i7-7700HQ/12GB/1TB/GeForce,Gaming,17.3,Intel Core i7 7700HQ 2.8GHz,12GB,3kg
Microsoft,Surface Laptop,Ultrabook,13.5,Intel Core i5 7200U 2.5GHz,4GB,1.252kg
Dell,Inspiron 5370,Ultrabook,13.3,Intel Core i7 8550U 1.8GHz,8GB,1.4kg
Dell,Inspiron 5570,Notebook,15.6,Intel Core i7 8550U 1.8GHz,8GB,2.2kg
MSI,GL72M 7RDX,Gaming,17.3,Intel Core i5 7300HQ 2.5GHz,8GB,2.7kg
Acer,Aspire E5-475,Notebook,14.0,Intel Core i3 6006U 2GHz,8GB,2.1kg
Asus,FX503VD-E4022T (i7-7700HQ/8GB/1TB/GeForce,Gaming,15.6,Intel Core i7 7700HQ 2.8GHz,8GB,2.2kg
Lenovo,IdeaPad 320-15IKBN,Notebook,15.6,Intel Core i5 7200U 2.5GHz,8GB,2.2kg
Dell,Inspiron 5570,Notebook,15.6,Intel Core i7 8550U 1.8GHz,8GB,2.02kg
Acer,Aspire A515-51G-32MX,Notebook,15.6,Intel Core i3 7130U 2.7GHz,4GB,2.2kg
HP,ProBook 470,Notebook,17.3,Intel Core i5 8250U 1.6GHz,8GB,2.5kg
Dell,Latitude 5590,Ultrabook,15.6,Intel Core i5 8250U 1.6GHz,8GB,1.88kg
Apple,"MacBook 12""",Ultrabook,12.0,Intel Core i5 1.3GHz,8GB,0.92kg
HP,ProBook 440,Notebook,14.0,Intel Core i5 8250U 1.6GHz,8GB,1.63kg
Lenovo,IdeaPad 320-15AST,Notebook,15.6,AMD A6-Series 9220 2.5GHz,4GB,2.2kg
Acer,Aspire 3,Notebook,15.6,AMD A9-Series 9420 3GHz,4GB,2.1kg
Dell,Inspiron 7577,Gaming,15.6,Intel Core i7 7700HQ 2.8GHz,16GB,2.65kg
HP,Pavilion 15-CK000nv,Ultrabook,15.6,Intel Core i7 8550U 1.8GHz,8GB,1.83kg
HP,250 G6,Notebook,15.6,Intel Core i5 7200U 2.5GHz,8GB,1.96kg
Asus,FX503VM-E4007T (i7-7700HQ/16GB/1TB,Gaming,15.6,Intel Core i7 7700HQ 2.8GHz,16GB,2.2kg
Dell,XPS 13,Ultrabook,13.3,Intel Core i7 8550U 1.8GHz,8GB,1.21kg
Asus,FX550IK-DM018T (FX-9830P/8GB/1TB/Radeon,Gaming,15.6,AMD FX 9830P 3GHz,8GB,2.45kg
Acer,Aspire 5,Notebook,15.6,Intel Core i7 8550U 1.8GHz,8GB,2.2kg
HP,Probook 430,Notebook,13.3,Intel Core i7 8550U 1.8GHz,16GB,1.49kg
Dell,Inspiron 7577,Gaming,15.6,Intel Core i5 7300HQ 2.5GHz,8GB,2.65kg
Asus,Zenbook UX430UA,Ultrabook,14.0,Intel Core i7 7500U 2.7GHz,8GB,1.25kg
Acer,Spin 5,2 in 1 Convertible,13.3,Intel Core i5 8250U 1.6GHz,8GB,1.5kg
Dell,Inspiron 3567,Notebook,15.6,Intel Core i7 7500U 2.7GHz,8GB,2.2kg
Dell,Inspiron 3567,Notebook,15.6,Intel Core i3 6006U 2GHz,4GB,2.2kg
Asus,X541UV-DM1439T (i3-7100U/6GB/256GB/GeForce,Notebook,15.6,Intel Core i3 7100U 2.4GHz,6GB,2kg
HP,Omen 15-ce007nv,Gaming,15.6,Intel Core i7 7700HQ 2.8GHz,12GB,2.62kg
HP,15-bs017nv (i7-7500U/8GB/256GB/Radeon,Notebook,15.6,Intel Core i7 7500U 2.7GHz,8GB,1.91kg
HP,15-bw000nv (E2-9000e/4GB/500GB/Radeon,Notebook,15.6,AMD E-Series E2-9000e 1.5GHz,4GB,2.1kg
Dell,Inspiron 3576,Notebook,15.6,Intel Core i5 8250U 1.6GHz,8GB,2.2kg
HP,Envy 13-ad009n,Ultrabook,13.3,Intel Core i7 7500U 2.7GHz,8GB,1.38kg
Microsoft,Surface Laptop,Ultrabook,13.5,Intel Core i5 7200U 2.5GHz,8GB,1.252kg
HP,Pavilion 14-BK001nv,Notebook,14.0,Intel Core i5 7200U 2.5GHz,6GB,1.58kg
Lenovo,Ideapad 310-15ISK,Notebook,15.6,Intel Core i3 6006U 2GHz,4GB,1.85kg
Asus,UX430UQ-GV209R (i7-7500U/8GB/256GB/GeForce,Ultrabook,14.0,Intel Core i7 7500U 2.7GHz,8GB,1.3kg
MSI,GP62M 7REX,Gaming,15.6,Intel Core i7 7700HQ 2.8GHz,16GB,2.2kg
Lenovo,Thinkpad T470,Notebook,14.0,Intel Core i7 7500U 2.7GHz,8GB,1.58kg
Asus,VivoBook S15,Ultrabook,15.6,Intel Core i7 8550U 1.8GHz,16GB,1.5kg
Dell,XPS 13,Ultrabook,13.3,Intel Core i7 7560U 2.4GHz,8GB,1.23kg
Lenovo,ThinkPad Yoga,2 in 1 Convertible,13.3,Intel Core i5 7200U 2.5GHz,8GB,1.37kg
HP,Probook 440,Notebook,14.0,Intel Core i5 8250U 1.6GHz,4GB,1.63kg
Dell,XPS 13,Ultrabook,13.3,Intel Core i5 8250U 1.6GHz,8GB,1.21kg
HP,Spectre x360,2 in 1 Convertible,13.3,Intel Core i5 8250U 1.6GHz,8GB,1.26kg
HP,Probook 440,Notebook,14.0,Intel Core i7 8550U 1.8GHz,8GB,1.63kg
Dell,Inspiron 7570,Notebook,15.6,Intel Core i7 8550U 1.8GHz,8GB,2.16kg
Asus,X705UV-BX074T (i3-6006U/4GB/1TB/GeForce,Notebook,17.3,Intel Core i3 6006U 2GHz,4GB,2kg
Asus,VivoBook S15,Notebook,15.6,Intel Core i7 8550U 1.8GHz,8GB,1.7kg
Acer,Spin 3,Notebook,15.6,Intel Core i3 7100U 2.4GHz,6GB,2.1kg
MSI,GS63VR 7RG,Gaming,15.6,Intel Core i7 7700HQ 2.8GHz,16GB,1.8kg
Lenovo,IdeaPad 320-15IKBN,Notebook,15.6,Intel Core i5 7200U 2.5GHz,8GB,2.2kg
HP,Probook 470,Notebook,17.3,Intel Core i7 8550U 1.8GHz,16GB,2.5kg
Acer,Aspire 3,Notebook,15.6,AMD A9-Series 9420 3GHz,4GB,2.1kg
HP,250 G6,Notebook,15.6,Intel Celeron Dual Core N3060 1.6GHz,4GB,1.86kg
HP,Probook 440,Notebook,14.0,Intel Core i5 8250U 1.6GHz,8GB,1.63kg
Asus,E402WA-GA007T (E2-6110/4GB/64GB/W10,Notebook,14.0,AMD E-Series 6110 1.5GHz,4GB,1.65kg
Dell,Inspiron 5770,Notebook,17.3,Intel Core i7 8550U 1.8GHz,16GB,2.8kg
HP,ProBook 470,Notebook,17.3,Intel Core i5 8250U 1.6GHz,8GB,2.5kg
Dell,Inspiron 5567,Notebook,15.6,Intel Core i5 7200U 2.5GHz,8GB,2.36kg
Dell,Inspiron 3567,Notebook,15.6,Intel Core i3 6006U 2GHz,4GB,2.2kg
Acer,Swift 3,Ultrabook,14.0,Intel Core i7 8550U 1.8GHz,8GB,1.6kg
Acer,Aspire A515-51G-37JS,Notebook,15.6,Intel Core i3 7130U 2.7GHz,4GB,2.2kg
HP,15-BS078nr (i7-7500U/8GB/1TB/W10),Notebook,15.6,Intel Core i7 7500U 2.7GHz,8GB,2.05kg
HP,Probook 440,Notebook,14.0,Intel Core i7 8550U 1.8GHz,8GB,1.63kg
Lenovo,V110-15IAP (N3350/4GB/1TB/No,Notebook,15.6,Intel Celeron Dual Core N3350 1.1GHz,4GB,1.9kg
Asus,FX753VD-GC086T (i5-7300HQ/8GB/1TB,Gaming,17.3,Intel Core i5 7300HQ 2.5GHz,8GB,3kg
Lenovo,IdeaPad 320-15IKBN,Notebook,15.6,Intel Core i5 7200U 2.5GHz,4GB,2.2kg
HP,Envy 13-AD007nv,Notebook,13.3,Intel Core i5 7200U 2.5GHz,4GB,1.32kg
Acer,Aspire 5,Notebook,17.3,Intel Core i3 7130U 2.7GHz,4GB,3kg
Lenovo,ThinkPad E480,Notebook,14.0,Intel Core i5 8250U 1.6GHz,8GB,1.75kg
Lenovo,Legion Y520-15IKBN,Gaming,15.6,Intel Core i7 7700HQ 2.8GHz,8GB,2.4kg
Toshiba,Satellite Pro,Notebook,15.6,Intel Core i5 6200U 2.3GHz,4GB,2.1kg
HP,255 G6,Notebook,15.6,AMD A6-Series 9220 2.5GHz,4GB,1.86kg
Asus,ZenBook UX430UA,Ultrabook,14.0,Intel Core i7 8550U 1.8GHz,8GB,1.25kg
HP,EliteBook Folio,Ultrabook,12.5,Intel Core M 6Y75 1.2GHz,8GB,0.97kg
Asus,X541NA (N3350/4GB/1TB/FHD/W10),Notebook,15.6,Intel Celeron Dual Core N3350 1.1GHz,4GB,2kg
MSI,GE72MVR 7RG,Gaming,17.3,Intel Core i7 7700HQ 2.8GHz,16GB,2.9kg
Acer,Aspire A315-51,Notebook,15.6,Intel Core i3 6006U 2GHz,4GB,2.1kg
Dell,Inspiron 5577,Gaming,15.6,Intel Core i7 7700HQ 2.8GHz,16GB,2.56kg
Dell,Inspiron 7567,Gaming,15.6,Intel Core i7 7700HQ 2.8GHz,8GB,2.62kg
Lenovo,V110-15IKB (i5-7200U/4GB/128GB/W10),Notebook,15.6,Intel Core i5 7200U 2.5GHz,4GB,1.9kg
MSI,GE73VR 7RE,Gaming,17.3,Intel Core i7 7700HQ 2.8GHz,16GB,2.8kg
HP,EliteBook 840,Ultrabook,14.0,Intel Core i5 7500U 2.7GHz,4GB,1.48kg
HP,15-BS103nv (i5-8250U/6GB/256GB/Radeon,Notebook,15.6,Intel Core i5 8250U 1.6GHz,6GB,1.91kg
Lenovo,Yoga 520-14IKB,2 in 1 Convertible,14.0,Intel Core i3 7100U 2.4GHz,4GB,1.74kg
Asus,ZenBook Flip,2 in 1 Convertible,13.3,Intel Core i5 8250U 1.6GHz,8GB,1.1kg
Dell,Inspiron 5579,2 in 1 Convertible,15.6,Intel Core i7 8550U 1.8GHz,8GB,1.56kg
Toshiba,Satellite Pro,Notebook,15.6,Intel Core i3 6006U 2.2GHz,4GB,2.1kg
Asus,X555BP-XX180T (A9-9420/4GB/1TB/Radeon,Notebook,15.6,AMD A9-Series 9420 3GHz,4GB,2.03kg
Acer,Aspire A517-51G,Notebook,17.3,Intel Core i5 8250U 1.6GHz,4GB,3kg
Dell,Inspiron 3576,Notebook,15.6,Intel Core i5 8250U 1.6GHz,8GB,2.13kg
Lenovo,Legion Y520-15IKBN,Gaming,15.6,Intel Core i7 7700HQ 2.8GHz,16GB,2.5kg
Acer,Aspire A315-31,Notebook,15.6,Intel Celeron Dual Core N3350 1.1GHz,4GB,2.1kg
MSI,GE63VR 7RE,Gaming,15.6,Intel Core i7 7700HQ 2.8GHz,16GB,2.4kg
Acer,Aspire 3,Notebook,15.6,Intel Pentium Quad Core N4200 1.1GHz,4GB,2.1kg
Dell,Inspiron 5577,Gaming,15.6,Intel Core i7 7700HQ 2.8GHz,8GB,2.56kg
Acer,Aspire A517-51G,Notebook,17.3,Intel Core i5 8250U 1.6GHz,8GB,3kg
HP,ProBook 430,Notebook,13.3,Intel Core i5 8250U 1.6GHz,4GB,1.49kg
Huawei,MateBook X,Ultrabook,13.0,Intel Core i5 7200U 2.5GHz,8GB,1.05kg
HP,17-bs001nv (i5-7200U/6GB/2TB/Radeon,Notebook,17.3,Intel Core i5 7200U 2.5GHz,6GB,2.71kg
Lenovo,IdeaPad 320-15AST,Notebook,15.6,AMD A6-Series 9220 2.9GHz,4GB,2.2kg
Toshiba,Satellite Pro,Notebook,15.6,Intel Core i3 7100U 2.4GHz,4GB,2kg
HP,ProBook 470,Notebook,17.3,Intel Core i5 8250U 1.6GHz,8GB,2.5kg
Dell,Inspiron 3567,Notebook,15.6,Intel Core i3 7100U 2.4GHz,8GB,2.3kg
Acer,Aspire A315-51,Notebook,15.6,Intel Core i3 6006U 2GHz,4GB,2.1kg
MSI,GT80S 6QF-074US,Gaming,18.4,Intel Core i7 6920HQ 2.9GHz,32GB,4.4kg
Lenovo,V310-15IKB (i5-7200U/8GB/1TB,Notebook,15.6,Intel Core i5 7200U 2.5GHz,8GB,1.90kg
HP,Spectre x360,2 in 1 Convertible,13.3,Intel Core i5 8250U 1.6GHz,8GB,1.29kg
Dell,Inspiron 5570,Notebook,15.6,Intel Core i7 8550U 1.8GHz,16GB,2.02kg
Dell,XPS 13,Ultrabook,13.3,Intel Core i5 8250U 1.6GHz,8GB,1.23kg
Lenovo,Yoga 920-13IKB,2 in 1 Convertible,13.9,Intel Core i7 8550U 1.8GHz,16GB,1.4kg
Toshiba,Satellite Pro,Notebook,15.6,Intel Core i5 7200U 2.5GHz,8GB,2.0kg
Xiaomi,Mi Notebook,Notebook,15.6,Intel Core i5 8250U 1.6GHz,8GB,1.95kg
Dell,Inspiron 7773,Notebook,17.3,Intel Core i7 8550U 1.8GHz,16GB,2.77kg
Dell,XPS 15,Notebook,15.6,Intel Core i7 7700HQ 2.8GHz,16GB,2.06kg
Lenovo,Legion Y520-15IKBN,Gaming,15.6,Intel Core i5 7300HQ 2.5GHz,8GB,2.4kg
Acer,Swift 7,Ultrabook,13.3,Intel Core i5 7Y54 1.2GHz,8GB,1.12kg
Dell,Inspiron 5770,Notebook,17.3,Intel Core i7 8550U 1.8GHz,8GB,2.8kg
Lenovo,Thinkpad Yoga,2 in 1 Convertible,14.0,Intel Core i7 7500U 2.7GHz,16GB,1.42kg
Vero,K147 (N3350/4GB/32GB/FHD/W10),Notebook,14.0,Intel Celeron Dual Core N3350 1.1GHz,4GB,1.3kg
Xiaomi,Mi Notebook,Ultrabook,13.3,Intel Core i5 7200U 2.5GHz,8GB,1.3kg
Lenovo,IdeaPad 320-17IKBR,Notebook,17.3,Intel Core i5 8250U 1.6GHz,8GB,2.8kg
Dell,Inspiron 5379,2 in 1 Convertible,13.3,Intel Core i7 8550U 1.8GHz,8GB,1.62kg
HP,ProBook 470,Notebook,17.3,Intel Core i5 8250U 1.6GHz,8GB,2.5kg
Razer,Blade Pro,Gaming,17.3,Intel Core i7 7820HK 2.9GHz,32GB,3.49kg
HP,ProBook 430,Notebook,13.3,Intel Core i5 8250U 1.6GHz,8GB,1.49kg
HP,Omen 17-W295,Gaming,17.3,Intel Core i7 7700HQ 2.8GHz,16GB,3.35kg
HP,Probook 470,Notebook,17.3,Intel Core i7 8550U 1.8GHz,8GB,2.5kg
Dell,Inspiron 7577,Gaming,15.6,Intel Core i7 7700HQ 2.8GHz,16GB,2.65kg
Lenovo,V110-15ISK (i5-6200U/4GB/128GB/W10),Notebook,15.6,Intel Core i5 6200U 2.3GHz,4GB,2.1kg
Acer,Aspire E5-576G,Notebook,15.6,Intel Core i7 7500U 2.7GHz,8GB,2.23kg
Lenovo,Legion Y720-15IKB,Gaming,15.6,Intel Core i7 7700HQ 2.8GHz,16GB,3.2kg
Dell,Precision 7520,Workstation,15.6,Intel Xeon E3-1505M V6 3GHz,16GB,2.8kg
Lenovo,Legion Y520-15IKBN,Gaming,15.6,Intel Core i7 7700HQ 2.8GHz,16GB,2.4kg
Dell,Inspiron 3567,Notebook,15.6,Intel Core i3 7100U 2.4GHz,6GB,2.3kg
Dell,XPS 13,Ultrabook,13.3,Intel Core i7 8550U 1.8GHz,8GB,1.21kg
Dell,XPS 13,Ultrabook,13.3,Intel Core i7 8550U 1.8GHz,8GB,1.2kg
Lenovo,IdeaPad 320-15IKBN,Notebook,15.6,Intel Core i5 7200U 2.5GHz,8GB,2.2kg
Acer,Aspire 7,Notebook,15.6,Intel Core i7 7700HQ 2.8GHz,8GB,2.4kg
Asus,ROG GL703VD-GC028T,Gaming,17.3,Intel Core i7 7700HQ 2.8GHz,16GB,2.9kg
HP,15-bs018nq (i3-6006U/4GB/500GB/FHD/No,Notebook,15.6,Intel Core i3 6006U 2GHz,4GB,2.1kg
Lenovo,IdeaPad 320-15IKBN,Notebook,15.6,Intel Core i5 7200U 2.5GHz,8GB,2.2kg
Huawei,MateBook X,Ultrabook,13.0,Intel Core i7 7500U 2.7GHz,8GB,1.05kg
Dell,Inspiron 5370,Ultrabook,13.3,Intel Core i7 8550U 1.8GHz,8GB,1.4kg
Lenovo,IdeaPad 320-17IKB,Notebook,17.3,Intel Core i5 7200U 2.5GHz,8GB,2.8kg
HP,Probook 440,Notebook,14.0,Intel Core i7 8550U 1.8GHz,8GB,1.63kg
Dell,Latitude 5490,Ultrabook,14.0,Intel Core i5 8250U 1.6GHz,8GB,1.6kg
Dell,Inspiron 5379,2 in 1 Convertible,13.3,Intel Core i7 8550U 1.8GHz,16GB,1.62kg
Dell,Inspiron 3576,Notebook,15.6,Intel Core i5 8250U 1.6GHz,8GB,2.2kg
Lenovo,Yoga 520-14IKB,2 in 1 Convertible,14.0,Intel Core i5 8250U 1.6GHz,8GB,1.74kg
Toshiba,Portege Z30-C-16L,Ultrabook,13.3,Intel Core i7 6500U 2.5GHz,8GB,1.2kg
HP,ProBook 450,Notebook,15.6,Intel Core i5 8250U 1.6GHz,8GB,2.1kg
Dell,Alienware 17,Gaming,17.3,Intel Core i7 7700HQ 2.8GHz,16GB,4.42kg
Acer,Aspire E5-576G,Notebook,15.6,Intel Core i7 7500U 2.7GHz,8GB,2.2kg
Dell,Inspiron 5567,Notebook,15.6,Intel Core i7 7500U 2.7GHz,16GB,2.3kg
Asus,Vivobook X541UV-DM1217T,Notebook,15.6,Intel Core i5 7200U 2.5GHz,8GB,2kg
Asus,K756UX-T4340T (i5-7200U/8GB/500GB,Notebook,17.3,Intel Core i5 7200U 2.5GHz,8GB,2.69kg
HP,ZBook 15u,Notebook,15.6,Intel Core i7 7500U 2.7GHz,8GB,1.9kg
Asus,Pro P2540UA-XO0198T,Notebook,15.6,Intel Core i3 7100U 2.4GHz,4GB,2.37kg
HP,15-rb013nv (E2-9000e/4GB/500GB/W10),Notebook,15.6,AMD E-Series 9000e 1.5GHz,4GB,2.1kg
Lenovo,Legion Y720-15IKB,Gaming,15.6,Intel Core i7 7700HQ 2.8GHz,16GB,3.2kg
Dell,Vostro 5468,Notebook,14.0,Intel Core i5 7200U 2.5GHz,8GB,1.6kg
Acer,Aspire R7,2 in 1 Convertible,13.3,Intel Core i5 6200U 2.3GHz,8GB,1.6kg
Dell,Inspiron 5567,Notebook,15.6,Intel Core i7 7500U 2.7GHz,16GB,2.36kg
Acer,Aspire A315-51,Notebook,15.6,Intel Core i3 6006U 2GHz,4GB,2.1kg
Asus,X555QG-DM242T (A10-9620P/4GB/1TB,Notebook,15.6,AMD A10-Series A10-9620P 2.5GHz,4GB,2.2kg
Asus,ROG G703VI-E5062T,Gaming,17.3,Intel Core i7 7820HK 2.9GHz,32GB,4.7kg
Acer,Nitro AN515-51,Gaming,15.6,Intel Core i5 7300HQ 2.5GHz,8GB,2.5kg
Lenovo,IdeaPad 320-15ISK,Notebook,15.6,Intel Core i3 6006U 2GHz,8GB,2.2kg
Asus,VivoBook Pro,Notebook,17.3,Intel Core i7 8550U 1.8GHz,8GB,2.1kg
Asus,F756UX-T4201D (i7-7500U/8GB/128GB,Notebook,17.3,Intel Core i7 7500U 2.7GHz,8GB,2.69kg
Dell,Inspiron 5577,Gaming,15.6,Intel Core i5 7300HQ 2.5GHz,8GB,2.56kg
Lenovo,Yoga 910-13IKB,2 in 1 Convertible,13.9,Intel Core i7 7500U 2.7GHz,8GB,1.38kg
Dell,Inspiron 5570,Notebook,15.6,Intel Core i7 8550U 1.8GHz,8GB,2.2kg
HP,15-bs015dx (i5-7200U/8GB/1TB/W10),Notebook,15.6,Intel Core i5 7200U 2.5GHz,8GB,2.04kg
Asus,Rog G701VIK-BA060T,Gaming,17.3,Intel Core i7 7820HK 2.9GHz,16GB,3.6kg
HP,ProBook 430,Notebook,13.3,Intel Core i5 8250U 1.6GHz,4GB,1.49kg
Apple,MacBook Pro,Ultrabook,13.3,Intel Core i5 3.1GHz,8GB,1.37kg
Dell,Inspiron 5579,2 in 1 Convertible,15.6,Intel Core i7 8550U 1.8GHz,8GB,2.08kg
Asus,ROG G752VSK-GC493T,Gaming,17.3,Intel Core i7 7700HQ 2.8GHz,16GB,4.3kg
Asus,X505BP-BR019T (A9-9420/4GB/1TB/Radeon,Notebook,15.6,AMD A9-Series 9420 3GHz,4GB,1.68kg
Lenovo,Yoga 920-13IKB,2 in 1 Convertible,13.9,Intel Core i7 8550U 1.8GHz,8GB,1.37kg
Acer,Aspire 5,Notebook,17.3,Intel Core i3 7130U 2.7GHz,4GB,3kg
Dell,Vostro 5370,Ultrabook,13.3,Intel Core i5 8250U 1.6GHz,8GB,1.41kg
HP,15-BW094nd (A6-9220/8GB/128GB/W10),Notebook,15.6,AMD A6-Series A6-9220 2.5GHz,8GB,1.91kg
HP,Envy 17-U275cl,Notebook,17.3,Intel Core i7 8550U 1.8GHz,16GB,2.9kg
MSI,GT73EVR 7RE,Gaming,17.3,Intel Core i7 7700HQ 2.8GHz,16GB,4.14kg
Lenovo,Yoga 720-15IKB,2 in 1 Convertible,15.6,Intel Core i7 7700HQ 2.8GHz,8GB,2kg
Dell,Inspiron 5770,Notebook,17.3,Intel Core i7 8550U 1.8GHz,8GB,2.8kg
Lenovo,IdeaPad 320-15ISK,Notebook,15.6,Intel Core i3 6006U 2GHz,4GB,2.2kg
HP,ProBook 450,Notebook,15.6,Intel Core i5 8250U 1.6GHz,4GB,2.1kg
Dell,Vostro 3568,Notebook,15.6,Intel Core i5 7200U 2.5GHz,4GB,2.18kg
Dell,Inspiron 3567,Notebook,15.6,Intel Core i5 7200U 2.5GHz,8GB,2.24kg
Dell,Inspiron 5579,2 in 1 Convertible,15.6,Intel Core i5 8250U 1.6GHz,8GB,2.67kg
Asus,ZenBook Flip,2 in 1 Convertible,13.3,Intel Core i7 8550U 1.8GHz,8GB,1.1kg
Lenovo,IdeaPad 320-15IKBN,Notebook,15.6,Intel Core i5 7200U 2.5GHz,4GB,2.2kg
HP,Probook 470,Notebook,17.3,Intel Core i7 8550U 1.8GHz,8GB,2.5kg
Lenovo,V330-15IKB (i7-8550U/8GB/256GB/FHD/W10),Notebook,15.6,Intel Core i7 8550U 1.8GHz,8GB,2.05kg
Apple,MacBook Pro,Ultrabook,13.3,Intel Core i5 2.9GHz,8GB,1.37kg
Asus,Rog Strix,Gaming,17.3,AMD Ryzen 1700 3GHz,16GB,3.2kg
Dell,Inspiron 3576,Notebook,15.6,Intel Core i7 8550U 1.8GHz,8GB,2.14kg
Lenovo,ThinkPad X1,2 in 1 Convertible,14.0,Intel Core i7 6600U 2.6GHz,16GB,1.36kg
Toshiba,Satellite Pro,Notebook,15.6,Intel Core i7 6500U 2.5GHz,8GB,2.2kg
Dell,Inspiron 5567,Notebook,15.6,Intel Core i7 7500U 2.7GHz,12GB,2.3kg
Dell,Inspiron 5770,Notebook,17.3,Intel Core i7 8550U 1.8GHz,8GB,2.8kg
Acer,Aspire A515-51G,Notebook,15.6,Intel Core i7 8550U 1.8GHz,8GB,2.2kg
Lenovo,IdeaPad 320-17ISK,Notebook,17.3,Intel Core i3 6006U 2GHz,4GB,2.8kg
Lenovo,IdeaPad 320-17IKBR,Notebook,17.3,Intel Core i7 8550U 1.8GHz,8GB,2.8kg
Lenovo,IdeaPad 320-17IKB,Notebook,17.3,Intel Core i7 7500U 2.7GHz,6GB,2.8kg
Dell,Inspiron 3567,Notebook,15.6,Intel Core i3 6006U 2.0GHz,4GB,2.25kg
Lenovo,Legion Y520-15IKBN,Gaming,15.6,Intel Core i5 7300HQ 2.5GHz,8GB,2.5kg
Lenovo,Ideapad 320-15IKBN,Notebook,15.6,Intel Core i5 7200U 2.5GHz,6GB,2.2kg
Acer,Aspire A517-51G,Notebook,15.6,Intel Core i7 8550U 1.8GHz,8GB,3kg
Acer,SP315-51 (i7-7500U/12GB/1TB/FHD/W10),Notebook,15.6,Intel Core i7 7500U 2.7GHz,12GB,2.15kg
Lenovo,Thinkpad T570,Notebook,15.6,Intel Core i7 7500U 2.7GHz,8GB,1.95kg
Asus,VivoBook S15,Ultrabook,15.6,Intel Core i5 7200U 2.5GHz,8GB,1.7kg
Lenovo,Legion Y520-15IKBN,Gaming,15.6,Intel Core i7 7700HQ 2.8GHz,16GB,2.5kg
Lenovo,IdeaPad 320-15IKB,Notebook,15.6,Intel Core i7 7500U 2.7GHz,8GB,2.2kg
Acer,Chromebook C910-C2ST,Notebook,15.6,Intel Celeron Dual Core 3205U 1.5GHz,2GB,2.19kg
Asus,FX753VD-GC071T (i7-7700HQ/8GB/1TB/GeForce,Gaming,17.3,Intel Core i7 7700HQ 2.8GHz,8GB,3kg
HP,17-BS037cl (i3-6006U/8GB/1TB/W10),Notebook,17.3,Intel Core i3 6006U 2GHz,8GB,2.54kg
Dell,XPS 15,Notebook,15.6,Intel Core i7 7700HQ 2.8GHz,8GB,2kg
Lenovo,V330-15IKB (i5-8250U/8GB/256GB/FHD/W10),Notebook,15.6,Intel Core i5 8250U 1.6GHz,8GB,2.05kg
Lenovo,Legion Y720-15IKB,Gaming,15.6,Intel Core i7 7700HQ 2.8GHz,8GB,3.2kg
Acer,Aspire A715-71G,Notebook,15.6,Intel Core i7 7700HQ 2.8GHz,8GB,2.5kg
Dell,Precision 7720,Workstation,17.3,Intel Core i7 7820HQ 2.9GHz,16GB,3.42kg
Lenovo,IdeaPad 310-15ABR,Notebook,15.6,AMD A10-Series 9600P 2.4GHz,6GB,2.4kg
Asus,ZenBook UX530UQ-PRO,Ultrabook,15.6,Intel Core i7 7500U 2.7GHz,16GB,1.63kg
Asus,VivoBook S14,Notebook,14.0,Intel Core i3 7100U 2.4GHz,4GB,1.3kg
Asus,Rog GL702VS-GC095T,Gaming,17.3,Intel Core i7 7700HQ 2.8GHz,16GB,2.9kg
Lenovo,IdeaPad 320-17IKB,Notebook,17.3,Intel Core i5 7200U 2.5GHz,6GB,2.8kg
Lenovo,IdeaPad 320-15IKBN,Notebook,15.6,Intel Core i5 7200U 2.5GHz,8GB,2.2kg
Asus,GL553VE-FY082T (i7-7700HQ/8GB/1TB,Gaming,15.6,Intel Core i7 7700HQ 2.8GHz,8GB,2.5kg
Lenovo,IdeaPad 320-15IAP,Notebook,15.6,Intel Pentium Quad Core N4200 1.1GHz,4GB,2.2kg
HP,EliteBook x360,2 in 1 Convertible,13.3,Intel Core i7 7600U 2.8GHz,16GB,1.28kg
Toshiba,Satellite Pro,Notebook,15.6,Intel Core i7 6500U 2.5GHz,8GB,2.2kg
Lenovo,IdeaPad 320-15IKB,Notebook,15.6,Intel Core i5 7200U 2.5GHz,8GB,2.3kg
HP,250 G6,Notebook,15.6,Intel Core i3 6006U 2GHz,4GB,1.86kg
Lenovo,IdeaPad 720S-13IKB,Notebook,13.3,Intel Core i5 7200U 2.5GHz,8GB,1.1kg
Dell,XPS 13,Ultrabook,13.3,Intel Core i7 8550U 1.8GHz,16GB,1.21kg
MSI,GE63VR 7RF,Gaming,15.6,Intel Core i7 7700HQ 2.8GHz,16GB,2.8kg
Acer,ES1-523-84K7 (A8-7410/8GB/256GB/FHD/W10),Notebook,15.6,AMD A8-Series 7410 2.2GHz,8GB,2.23kg
Asus,VivoBook Flip,2 in 1 Convertible,11.6,Intel Celeron Dual Core N3350 1.1GHz,2GB,1.1kg
Dell,Inspiron 5570,Notebook,15.6,Intel Core i5 8250U 1.6GHz,8GB,2.33kg
HP,Spectre x360,2 in 1 Convertible,13.3,Intel Core i7 8550U 1.8GHz,16GB,1.29kg
Lenovo,ThinkPad 13,Notebook,13.3,Intel Celeron Dual Core 3855U 1.6GHz,4GB,1.45kg
HP,ProBook 640,Notebook,14.0,Intel Core i5 7200U 2.5GHz,8GB,1.95kg
Acer,TravelMate B,Notebook,11.6,Intel Pentium Quad Core N3710 1.6GHz,4GB,1.4kg
HP,Elitebook 840,Notebook,14.0,Intel Core i7 7500U 2.7GHz,8GB,1.48kg
Lenovo,IdeaPad 320-17IKB,Notebook,17.3,Intel Core i5 7200U 2.5GHz,4GB,2.79kg
Asus,ZenBook UX410UA-GV183T,Notebook,14.0,Intel Core i7 7500U 2.7GHz,8GB,2kg
HP,ProBook 450,Notebook,15.6,Intel Core i7 8550U 1.8GHz,8GB,2.1kg
Acer,Aspire 5,Notebook,15.6,AMD A12-Series 9720P 2.7GHz,8GB,2.2kg
Lenovo,IdeaPad 120S-14IAP,Notebook,14.0,Intel Celeron Dual Core N3350 1.1GHz,4GB,1.44kg
Acer,Aspire E5-575,Notebook,15.6,Intel Core i5 7200U 2.5GHz,6GB,2.23kg
Asus,VivoBook S15,Ultrabook,15.6,Intel Core i7 7500U 2.7GHz,8GB,1.7kg
HP,Elitebook 820,Ultrabook,12.5,Intel Core i7 7500U 2.7GHz,8GB,1.26kg
Dell,XPS 15,Notebook,15.6,Intel Core i7 7700HQ 2.8GHz,32GB,2.06kg
MSI,GL72M 7REX,Gaming,17.3,Intel Core i7 7700HQ 2.8GHz,8GB,2.7kg
Toshiba,Satellite Pro,Notebook,15.6,Intel Core i5 7200U 2.5GHz,8GB,2.0kg
Asus,UX510UX-CN269T (i7-7500U/8GB/256GB,Notebook,14.0,Intel Core i7 7500U 2.7GHz,8GB,2kg
Lenovo,V310-15ISK (i3-6006U/4GB/1TB/FHD/W10),Notebook,15.6,Intel Core i3 6006U 2GHz,4GB,1.85kg
Asus,FX553VD-FY647T (i7-7700HQ/8GB/256GB/GeForce,Gaming,15.6,Intel Core i7 7700HQ 2.8GHz,8GB,2.5kg
HP,EliteBook 840,Notebook,14.0,Intel Core i5 7300U 2.6GHz,8GB,1.48kg
Dell,Inspiron 7570,Ultrabook,15.6,Intel Core i5 8250U 1.6GHz,8GB,1.9kg
HP,Elitebook 850,Notebook,15.6,Intel Core i5 7200U 2.5GHz,8GB,1.84kg
Asus,X541NA (N3350/4GB/1TB/Linux),Notebook,15.6,Intel Celeron Dual Core N3350 1.1GHz,4GB,2kg
Dell,Inspiron 7570,Notebook,15.6,Intel Core i5 8250U 1.6GHz,8GB,2kg
Dell,Inspiron 3552,Notebook,15.6,Intel Celeron Dual Core N3060 1.6GHz,4GB,2.2kg
Lenovo,IdeaPad 320-15ABR,Notebook,15.6,AMD A12-Series 9720P 3.6GHz,12GB,2.2kg
HP,ProBook 450,Notebook,15.6,Intel Core i3 7100U 2.4GHz,8GB,2.1kg
Lenovo,Yoga 920-13IKB,2 in 1 Convertible,13.9,Intel Core i7 8550U 1.8GHz,16GB,1.4kg
Dell,XPS 13,Ultrabook,13.3,Intel Core i7 8550U 1.8GHz,8GB,1.2kg
Lenovo,Legion Y520-15IKBN,Gaming,15.6,Intel Core i7 7700HQ 2.8GHz,16GB,2.4kg
HP,Stream 14-AX001nv,Notebook,14.0,Intel Celeron Dual Core N3060 1.6GHz,2GB,1.44kg
Dell,Latitude 5590,Ultrabook,15.6,Intel Core i7 8650U 1.9GHz,16GB,1.88kg
Asus,VivoBook Flip,2 in 1 Convertible,11.6,Intel Celeron Dual Core N3350 1.1GHz,4GB,1.5kg
Dell,Inspiron 5570,Ultrabook,15.6,Intel Core i5 8250U 1.6GHz,8GB,1.9kg
Dell,XPS 15,Notebook,15.6,Intel Core i7 7700HQ 2.8GHz,16GB,2.06kg
HP,Elitebook 850,Notebook,15.6,Intel Core i7 7500U 2.7GHz,8GB,1.84kg
MSI,GP72MVR 7RFX,Gaming,17.3,Intel Core i7 7700HQ 2.8GHz,8GB,2.7kg
HP,Zbook 15,Workstation,15.6,Intel Core i7 7700HQ 2.8GHz,8GB,2.6kg
Toshiba,Tecra A50-C-21G,Notebook,15.6,Intel Core i7 6500U 2.5GHz,16GB,2.4kg
Dell,Inspiron 5570,Notebook,15.6,Intel Core i7 8550U 1.8GHz,8GB,2.02kg
Lenovo,IdeaPad 320-15IAP,Notebook,15.6,Intel Celeron Dual Core N3350 1.1GHz,4GB,2.2kg
Dell,Inspiron 7577,Gaming,15.6,Intel Core i5 7300HQ 2.5GHz,8GB,2.65kg
Dell,Inspiron 3567,Notebook,15.6,Intel Core i5 7200U 2.5GHz,8GB,2.36kg
Dell,Latitude 7480,Notebook,14.0,Intel Core i5 7300U 2.6GHz,8GB,1.36kg
HP,250 G6,Notebook,15.6,Intel Core i3 6006U 2GHz,4GB,1.86kg
Asus,Zenbook UX410UA-GV027T,Notebook,14.0,Intel Core i5 7200U 2.5GHz,8GB,2kg
Lenovo,IdeaPad 320-17IKB,Notebook,17.3,Intel Core i5 7200U 2.5GHz,6GB,2.8kg
HP,250 G6,Notebook,15.6,Intel Core i5 7200U 2.5GHz,8GB,1.86kg
Lenovo,IdeaPad 320-15ISK,Notebook,15.6,Intel Core i3 6006U 2GHz,8GB,2.2kg
HP,15-AY023na (N3710/8GB/2TB/W10),Notebook,15.6,Intel Pentium Quad Core N3710 1.6GHz,8GB,2.04kg
Dell,Inspiron 5770,Notebook,17.3,Intel Core i5 8250U 1.6GHz,8GB,2.8kg
Lenovo,Legion Y520-15IKBN,Gaming,15.6,Intel Core i5 7300HQ 2.5GHz,8GB,2.4kg
Dell,Inspiron 5567,Notebook,15.6,Intel Core i7 7500U 2.7GHz,8GB,2.33kg
HP,Elitebook 1040,Ultrabook,14.0,Intel Core i7 7500U 2.7GHz,8GB,1.36kg
Asus,ZenBook Flip,2 in 1 Convertible,15.6,Intel Core i7 7500U 2.7GHz,12GB,2.26kg
Acer,Aspire 3,Notebook,15.6,AMD A9-Series 9420 3GHz,4GB,2.1kg
Asus,Rog Strix,Gaming,17.3,AMD Ryzen 1700 3GHz,16GB,3.25kg
Lenovo,IdeaPad 110-17ACL,Notebook,17.3,AMD A8-Series 7410 2.2GHz,4GB,2.6kg
Dell,Inspiron 5379,2 in 1 Convertible,13.3,Intel Core i7 8550U 1.8GHz,8GB,1.62kg
HP,15-bw003nv (A9-Series-9420/4GB/256GB/FHD/W10),Notebook,15.6,AMD A9-Series 9420 3GHz,4GB,1.91kg
Lenovo,Yoga 11e,Netbook,11.6,Intel Celeron Quad Core N3450 1.1GHz,4GB,1.59kg
Dell,Inspiron 3552,Notebook,15.6,Intel Celeron Dual Core N3060 1.60GHz,4GB,1.8kg
Asus,VivoBook E403NA,Notebook,14.0,Intel Celeron Dual Core N3350 1.1GHz,4GB,1.5kg
Acer,Aspire 7,Notebook,15.6,Intel Core i7 7700HQ 2.8GHz,8GB,2.4kg
HP,Omen 17-w212nv,Gaming,17.3,Intel Core i7 7700HQ 2.8GHz,8GB,3.35kg
Lenovo,V310-15ISK (i3-6006U/4GB/128GB/FHD/No,Notebook,15.6,Intel Core i3 6006U 2GHz,4GB,1.85kg
Asus,ROG Strix,Gaming,15.6,Intel Core i7 7700HQ 2.8GHz,8GB,2.3kg
Lenovo,IdeaPad 720S-14IKB,Notebook,14.0,Intel Core i5 7200U 2.5GHz,8GB,1.5kg
Asus,Zenbook Flip,Ultrabook,13.3,Intel Core i7 7500U 2.7GHz,16GB,1.1kg
Lenovo,Thinkpad X1,Ultrabook,14.0,Intel Core i7 7500U 2.7GHz,8GB,1.13kg
Lenovo,Ideapad 510S-13IKB,Notebook,13.3,Intel Core i3 7100U 2.4GHz,4GB,1.5kg
Dell,Precision 3510,Workstation,15.6,Intel Core i5 6440HQ 2.6GHz,8GB,2.23kg
Dell,Precision 5520,Workstation,15.6,Intel Core i7 6820HQ 2.7GHz,8GB,2kg
Lenovo,ThinkPad X1,2 in 1 Convertible,14.0,Intel Core i7 7500U 2.7GHz,16GB,1.42kg
Asus,Rog GL753VD-GC042T,Gaming,17.3,Intel Core i7 7700HQ 2.8GHz,8GB,3kg
Asus,Rog GL753VE-GC070T,Gaming,17.3,Intel Core i7 7700HQ 2.8GHz,16GB,3kg
Acer,Aspire 5,Notebook,15.6,Intel Core i5 8250U 1.6GHz,12GB,2.2kg
MSI,Leopard GP72M,Gaming,17.3,Intel Core i7 7700HQ 2.8GHz,8GB,2.7kg
Dell,Inspiron 5567,Notebook,15.6,Intel Core i7 7500U 2.7GHz,8GB,2.33kg
HP,15-BW004nv (A9-9420/4GB/256GB/Radeon,Ultrabook,15.6,AMD A9-Series 9420 3GHz,4GB,1.91kg
Lenovo,ThinkPad E580,Notebook,15.6,Intel Core i7 8550U 1.8GHz,8GB,2.1kg
Lenovo,ThinkPad L470,Notebook,14.0,Intel Core i5 7200U 2.5GHz,8GB,1.9kg
Dell,Precision M5520,Workstation,15.6,Intel Core i7 7700HQ 2.8GHz,8GB,1.78kg
Lenovo,Thinkpad X1,Ultrabook,14.0,Intel Core i7 7500U 2.7GHz,16GB,1.13kg
Lenovo,IdeaPad 320-15IAP,Notebook,15.6,Intel Celeron Dual Core N3350 1.1GHz,4GB,2.2kg
Asus,FX753VD-GC461T (i7-7700HQ/16GB/1TB,Gaming,17.3,Intel Core i7 7700HQ 2.8GHz,16GB,2.9kg
Lenovo,ThinkPad E580,Notebook,15.6,Intel Core i5 8250U 1.6GHz,8GB,2.1kg
Acer,Aspire 7,Notebook,15.6,Intel Core i7 7700HQ 2.8GHz,8GB,2.5kg
MSI,GE73VR 7RF,Gaming,17.3,Intel Core i7 7700HQ 2.8GHz,16GB,2.8kg
Asus,Zenbook 3,Ultrabook,14.0,Intel Core i7 7500U 2.7GHz,8GB,1.10kg
Toshiba,Portege Z30-C-16P,Ultrabook,13.3,Intel Core i7 6500U 2.5GHz,16GB,1.2kg
Dell,Latitude 7480,Ultrabook,14.0,Intel Core i7 7600U 2.8GHz,8GB,1.36kg
Lenovo,IdeaPad 320-15ISK,Notebook,15.6,Intel Core i3 6006U 2GHz,4GB,2.2kg
Lenovo,Lenovo IdeaPad,Notebook,11.6,Intel Celeron Dual Core N3350 1.1GHz,2GB,1.15kg
Lenovo,ThinkPad P51,Workstation,15.6,Intel Core i7 7700HQ 2.8GHz,8GB,2.67kg
Lenovo,Thinkpad T470p,Ultrabook,14.0,Intel Core i7 7700HQ 2.8GHz,8GB,1.7kg
HP,15-BS028nv (i3-6006U/4GB/1TB/Radeon,Notebook,15.6,Intel Core i3 6006U 2GHz,4GB,2.1kg
Acer,Aspire R7,2 in 1 Convertible,13.3,Intel Core i7 6500U 2.5GHz,8GB,1.6kg
Asus,ZenBook Flip,2 in 1 Convertible,13.3,Intel Core i5 7200U 2.5GHz,8GB,1.27kg
Dell,Inspiron 3567,Notebook,15.6,Intel Core i5 7200U 2.5GHz,4GB,2.3kg
Dell,Latitude 3380,Notebook,13.3,Intel Core i3 6006U 2GHz,4GB,1.65kg
HP,EliteBook 1040,Ultrabook,14.0,Intel Core i7 6500U 2.5GHz,8GB,1.43kg
Dell,Inspiron 3567,Notebook,15.6,Intel Core i5 7200U 2.5GHz,8GB,2.14kg
Lenovo,ThinkPad E480,Ultrabook,14.0,Intel Core i7 8550U 1.8GHz,8GB,1.75kg
Lenovo,Yoga 720-15IKB,2 in 1 Convertible,15.6,Intel Core i7 7700HQ 2.8GHz,16GB,2kg
Chuwi,LapBook 12.3,Notebook,12.3,Intel Celeron Quad Core N3450 1.1GHz,6GB,1.4kg
HP,ProBook 650,Notebook,15.6,Intel Core i7 7820HQ 2.9GHz,8GB,2.31kg
Asus,X542UQ-DM117 (i3-7100U/8GB/1TB/GeForce,Notebook,15.6,Intel Core i3 7100U 2.4GHz,8GB,2.3kg
Dell,Alienware 17,Gaming,17.3,Intel Core i7 7820HK 2.9GHz,16GB,4.42kg
Dell,Inspiron 7577,Gaming,15.6,Intel Core i7 7700HQ 2.8GHz,8GB,2.62kg
Dell,Inspiron 5570,Notebook,15.6,Intel Core i7 8550U 1.8GHz,8GB,2.02kg
Dell,Latitude 5480,Ultrabook,14.0,Intel Core i7 7600U 2.8GHz,8GB,1.6kg
HP,Omen 17-w207nv,Gaming,17.3,Intel Core i7 7700HQ 2.8GHz,12GB,3.35kg
Mediacom,FlexBook Edge,2 in 1 Convertible,11.6,Intel Celeron Dual Core N3350 1.1GHz,4GB,1.16kg
Samsung,Chromebook 3,Netbook,11.6,Intel Celeron Dual Core N3060 1.6GHz,4GB,1.15kg
Lenovo,Thinkpad 13,Notebook,13.3,Intel Core i7 7500U 2.7GHz,8GB,1.4kg
Lenovo,IdeaPad 320s-14IKB,Notebook,14.0,Intel Core i3 7130U 2.7GHz,4GB,1.7kg
Lenovo,Thinkpad T570,Workstation,15.6,Intel Core i7 7600U 2.8GHz,16GB,2.3kg
Lenovo,Thinkpad P51,Notebook,15.6,Intel Core i7 7820HQ 2.9GHz,16GB,2.5kg
Asus,Rog Strix,Gaming,17.3,AMD Ryzen 1600 3.2GHz,8GB,3.2kg
HP,15-ra044nv (N3060/4GB/500GB/W10),Notebook,15.6,Intel Celeron Dual Core N3060 1.6GHz,4GB,2.1kg
Google,Pixelbook (Core,Ultrabook,12.3,Intel Core i7 7Y75 1.3GHz,16GB,1.1kg
Lenovo,ThinkPad T470s,Ultrabook,14.0,Intel Core i7 7500U 2.7GHz,24GB,1.32kg
Asus,VivoBook Max,Notebook,15.6,Intel Core i5 7200U 2.5GHz,4GB,2kg
Lenovo,IdeaPad 320-15AST,Notebook,17.3,AMD A6-Series 9220 2.5GHz,8GB,2.8kg
Dell,Inspiron 5570,Notebook,15.6,Intel Core i5 8250U 1.6GHz,4GB,2.2kg
Lenovo,ThinkPad X270,Ultrabook,12.5,Intel Core i5 7200U 2.5GHz,8GB,1.36kg
Lenovo,IdeaPad 320-15IAP,Notebook,15.6,Intel Pentium Quad Core N4200 1.1GHz,4GB,2.2kg
HP,Omen 15-AX205na,Gaming,15.6,Intel Core i7 7700HQ 2.8GHz,8GB,2.2kg
Dell,Latitude 5480,Notebook,14.0,Intel Core i5 7440HQ 2.8GHz,8GB,1.64kg
Acer,Aspire ES1-572,Notebook,15.6,Intel Core i5 7200U 2.5GHz,4GB,2.4kg
Dell,Precision 3520,Workstation,15.6,Intel Xeon E3-1505M V6 3GHz,8GB,2.23kg
MSI,GV62 7RD-1686NL,Gaming,15.6,Intel Core i5 7300HQ 2.5GHz,8GB,2.2kg
Microsoft,Surface Laptop,Ultrabook,13.5,Intel Core i7 7660U 2.5GHz,16GB,1.25kg
HP,15-bs024nv (i5-7200U/8GB/128GB/W10),Notebook,15.6,Intel Core i5 7200U 2.5GHz,8GB,1.91kg
Dell,Precision 3520,Workstation,15.6,Intel Core i7 6820HQ 2.7GHz,16GB,2.17kg
HP,ProBook 650,Workstation,15.6,Intel Core i7 7820HQ 2.9GHz,8GB,2.31kg
Lenovo,ThinkPad T470,Notebook,14.0,Intel Core i5 7200U 2.5GHz,8GB,1.65kg
Dell,Inspiron 5570,Notebook,15.6,Intel Core i7 8550U 1.8GHz,8GB,2.36kg
Dell,Inspiron 3168,2 in 1 Convertible,11.6,Intel Pentium Quad Core N3710 1.6GHz,4GB,1.47kg
Dell,Alienware 17,Notebook,17.3,Intel Core i7 7700HQ 2.7GHz,8GB,4.42kg
Microsoft,Surface Laptop,Ultrabook,13.5,Intel Core M m3-7Y30 2.2GHz,4GB,1.252kg
Microsoft,Surface Laptop,Ultrabook,13.5,Intel Core i7 7660U 2.5GHz,8GB,1.25kg
HP,17-BS092ND (i3-6006U/8GB/256GB/W10),Notebook,17.3,Intel Core i3 6006U 2GHz,8GB,2.5kg
Acer,Aspire E5-576G,Notebook,15.6,Intel Core i3 6006U 2GHz,4GB,2.23kg
Acer,TravelMate B,Netbook,11.6,Intel Celeron Dual Core N3060 1.6GHz,4GB,1.4kg
Asus,Pro P2540UA-AB51,Notebook,15.6,Intel Core i5 7200U 2.5GHz,8GB,2.37kg
Lenovo,IdeaPad 510s-14IKB,Notebook,14.0,Intel Core i7 7500U 2.7GHz,8GB,1.5kg
Lenovo,Thinkpad P51,Notebook,15.6,Intel Core i7 7820HQ 2.9GHz,8GB,2.67kg
Asus,X541NA-PD1003Y (N4200/4GB/500GB/W10),Notebook,15.6,Intel Pentium Quad Core N4200 1.1GHz,4GB,2kg
Acer,Aspire 5,Notebook,15.6,Intel Core i3 6006U 2GHz,4GB,2.2kg
Dell,Inspiron 5570,Notebook,15.6,Intel Core i5 8250U 1.6GHz,8GB,2.02kg
HP,Omen 17-an006nv,Gaming,17.3,Intel Core i7 7700HQ 2.8GHz,12GB,3.78kg
Lenovo,Thinkpad T460s,Ultrabook,14.0,Intel Core i7 6600U 2.6GHz,12GB,1.4kg
HP,Spectre x360,2 in 1 Convertible,13.3,Intel Core i7 8550U 1.8GHz,8GB,1.29kg
HP,ZBook 15u,Notebook,15.6,Intel Core i5 7200U 2.5GHz,8GB,1.9kg
Google,Pixelbook (Core,Ultrabook,12.3,Intel Core i5 7Y57 1.2GHz,8GB,1.1kg
Dell,Latitude 7390,Ultrabook,13.3,Intel Core i5 8250U 1.6GHz,8GB,1.42kg
Asus,ZenBook Pro,Notebook,15.6,Intel Core i7 6700HQ 2.6GHz,12GB,2.06kg
Dell,Latitude E5470,Notebook,14.0,Intel Core i3 6100U 2.3GHz,8GB,1.79kg
Dell,Precision M5520,Workstation,15.6,Intel Core i7 7700HQ 2.8GHz,8GB,1.78kg
Lenovo,Thinkpad T470,Notebook,14.0,Intel Core i5 7200U 2.5GHz,8GB,1.7kg
Dell,Inspiron 3576,Notebook,15.6,Intel Core i5 8250U 1.6GHz,8GB,2.2kg
Toshiba,Portege X30-D-10J,Notebook,13.3,Intel Core i5 7200U 2.5GHz,8GB,1.05kg
Dell,Inspiron 7570,Notebook,15.6,Intel Core i7 8550U 1.8GHz,8GB,2.16kg
Dell,Vostro 3568,Notebook,15.6,Intel Core i3 7100U 2.4GHz,4GB,2.18kg
HP,ProBook 430,Notebook,13.3,Intel Core i5 8250U 1.6GHz,4GB,1.49kg
Chuwi,"Lapbook 15,6",Notebook,15.6,Intel Atom x5-Z8350 1.44GHz,4GB,1.89kg
Lenovo,ThinkPad E570,Notebook,15.6,Intel Core i3 6006U 2.0GHz,4GB,2.3kg
Lenovo,ThinkPad E480,Notebook,14.0,Intel Core i5 8250U 1.6GHz,8GB,1.75kg
Dell,Precision 3520,Workstation,15.6,Intel Core i7 6820HQ 2.7GHz,16GB,2.17kg
Dell,XPS 15,Notebook,15.6,Intel Core i7 7700HQ 2.8GHz,16GB,2.06kg
Lenovo,Thinkpad X270,Ultrabook,12.5,Intel Core i7 7500U 2.7GHz,16GB,1.36kg
Asus,Zenbook UX390UA,Ultrabook,12.5,Intel Core i7 7500U 2.7GHz,16GB,0.91kg
Lenovo,Thinkpad E570,Notebook,15.6,Intel Core i5 7200U 2.5GHz,8GB,2.3kg
Toshiba,Portege X30-D-10L,Ultrabook,13.3,Intel Core i7 7500U 2.7GHz,32GB,1.05kg
Asus,VivoBook Pro,Gaming,15.6,Intel Core i7 7700HQ 2.8GHz,8GB,1.99kg
Acer,Aspire 5,Notebook,15.6,AMD A10-Series 9620P 2.5GHz,8GB,2.2kg
Asus,Rog G752VL-UH71T,Gaming,17.3,Intel Core i7 6700HQ 2.6GHz,24GB,4.33kg
Lenovo,Thinkpad X260,Ultrabook,12.5,Intel Core i5 6200U 2.3GHz,8GB,1.3kg
Lenovo,Ideapad 520-15IKBR,Notebook,15.6,Intel Core i7 8550U 1.8GHz,8GB,2.17kg
HP,EliteBook 840,Notebook,14.0,Intel Core i7 7600U 2.8GHz,8GB,1.48kg
Lenovo,ThinkPad 13,Notebook,13.3,Intel Core i3 7100U 2.4GHz,8GB,1.4kg
Lenovo,ThinkPad L570,Notebook,15.6,Intel Core i5 7200U 2.5GHz,8GB,2.3kg
Asus,VivoBook E201NA,Netbook,11.6,Intel Celeron Dual Core N3350 1.1GHz,4GB,1.2kg
HP,15-BS026nv (i5-7200U/8GB/256GB/Radeon,Notebook,15.6,Intel Core i5 7200U 2.5GHz,8GB,1.91kg
Lenovo,Yoga 920-13IKB,2 in 1 Convertible,13.9,Intel Core i5 8250U 1.6GHz,8GB,1.4kg
Lenovo,IdeaPad 320-14IAP,Notebook,14.0,Intel Celeron Dual Core N3350 1.1GHz,4GB,2.1kg
Lenovo,Chromebook N23,Netbook,11.6,Intel Celeron Dual Core N3060 1.6GHz,4GB,1.25kg
Lenovo,ThinkPad 13,Notebook,13.3,Intel Core i5 7200U 2.5GHz,8GB,1.44kg
Asus,ZenBook UX510UX-CN211T,Notebook,15.6,Intel Core i7 7500U 2.7GHz,8GB,2kg
Acer,Aspire A515-51G-59QF,Notebook,15.6,Intel Core i5 8250U 1.6GHz,4GB,2.2kg
HP,Envy 13-AB002nv,Ultrabook,13.3,Intel Core i7 7500U 2.7GHz,8GB,1.34kg
Lenovo,Legion Y520-15IKBN,Gaming,15.6,Intel Core i7 7700HQ 2.8GHz,8GB,2.4kg
Dell,XPS 13,Ultrabook,13.3,Intel Core i5 7200U 2.5GHz,8GB,1.29kg
Acer,Aspire A515-51G,Notebook,15.6,Intel Core i7 7500U 2.7GHz,4GB,2.2kg
Dell,Vostro 5568,Notebook,15.6,Intel Core i5 7200U 2.5GHz,8GB,2.18kg
Dell,Inspiron 5570,Notebook,15.6,Intel Core i7 8550U 1.8GHz,16GB,2.2kg
Xiaomi,Mi Notebook,Notebook,15.6,Intel Core i7 8550U 1.8GHz,16GB,1.95kg
Asus,VivoBook E12,Netbook,11.6,Intel Celeron Dual Core N3350 1.1GHz,2GB,1.1kg
HP,15-bs190od (i5-8250U/4GB/1TB/W10),Notebook,15.6,Intel Core i5 8250U 1.6GHz,4GB,2.04kg
Asus,ROG Zephyrus,Gaming,15.6,Intel Core i7 7700HQ 2.8GHz,24GB,2.24kg
HP,Probook 450,Notebook,15.6,Intel Core i5 7200U 2.5GHz,8GB,2.04kg
Asus,FX753VE-GC155T (i7-7700HQ/16GB/1TB,Gaming,17.3,Intel Core i7 7700HQ 2.8GHz,16GB,3kg
Lenovo,Legion Y720-15IKB,Gaming,15.6,Intel Core i7 7700HQ 2.8GHz,8GB,3.2kg
HP,Spectre X360,Ultrabook,13.3,Intel Core i7 7500U 2.7GHz,8GB,1.32kg
Dell,Latitude 5480,Notebook,14.0,Intel Core i5 7300U 2.6GHz,8GB,1.64kg
HP,ProBook 440,Notebook,15.6,Intel Core i3 6006U 2GHz,4GB,1.63kg
Dell,Inspiron 5770,Notebook,17.3,Intel Core i5 8250U 1.6GHz,8GB,2.8kg
Lenovo,ThinkPad L470,Notebook,14.0,Intel Core i5 6200U 2.3GHz,8GB,2.02kg
Lenovo,IdeaPad 320-15IKB,Notebook,15.6,Intel Core i7 7500U 2.7GHz,4GB,2.2kg
Lenovo,IdeaPad 320-15ISK,Notebook,15.6,Intel Core i3 6006U 2GHz,8GB,2.2kg
Dell,Inspiron 3567,Notebook,15.6,Intel Core i5 7200U 2.5GHz,4GB,2.3kg
Dell,Latitude 5580,Notebook,15.6,Intel Core i5 7440HQ 2.8GHz,8GB,1.9kg
Dell,Alienware 17,Gaming,17.3,Intel Core i7 7700HQ 2.8GHz,16GB,4.42kg
Toshiba,Satellite Pro,Notebook,15.6,Intel Core i5 7200U 2.5GHz,8GB,2.0kg
Asus,Zenbook UX510UW-FI095T,Notebook,15.6,Intel Core i7 7500U 2.7GHz,8GB,2kg
Mediacom,SmartBook Edge,Notebook,13.3,Intel Celeron Quad Core N3450 1.1GHz,4GB,1.2kg
Asus,ROG Strix,Gaming,15.6,Intel Core i5 7300HQ 2.5GHz,8GB,2.3kg
Dell,Latitude 5580,Notebook,15.6,Intel Core i7 7600U 2.8GHz,8GB,1.93kg
Dell,Inspiron 5570,Notebook,15.6,Intel Core i5 8250U 1.6GHz,8GB,2.2kg
HP,250 G6,Notebook,15.6,Intel Pentium Quad Core N3710 1.6GHz,4GB,1.86kg
HP,Omen 15-ce006nv,Gaming,17.3,Intel Core i7 7700HQ 2.8GHz,12GB,2.62kg
Lenovo,Thinkpad E470,Notebook,14.0,Intel Core i7 7500U 2.7GHz,8GB,1.87kg
Dell,XPS 13,Ultrabook,13.3,Intel Core i7 8550U 1.8GHz,8GB,1.2kg
Dell,Vostro 5468,Notebook,14.0,Intel Core i3 6006U 2GHz,4GB,1.6kg
HP,Envy 13-AB020nr,Ultrabook,13.3,Intel Core i7 7500U 2.7GHz,8GB,1.34kg
Acer,Aspire 7,Gaming,15.6,Intel Core i5 7300HQ 2.5GHz,8GB,2.4kg
Asus,VivoBook X540YA-XX519T,Notebook,15.6,AMD E-Series 7110 1.8GHz,4GB,2kg
HP,ProBook 450,Notebook,15.6,Intel Core i3 7100U 2.4GHz,4GB,2.1kg
Lenovo,ThinkPad E470,Notebook,14.0,Intel Core i5 7200U 2.5GHz,4GB,1.87kg
Lenovo,V310-15ISK (i5-6200U/4GB/1TB/FHD/No,Notebook,15.6,Intel Core i5 6200U 2.3GHz,4GB,2.15kg
HP,250 G6,Notebook,15.6,Intel Core i3 6006U 2GHz,4GB,1.86kg
Lenovo,ThinkPad T570,Notebook,15.6,Intel Core i7 7500U 2.7GHz,8GB,1.99kg
Lenovo,IdeaPad 320-15ISK,Notebook,15.6,Intel Core i3 6006U 2GHz,4GB,2.2kg
Dell,Latitude 5580,Notebook,15.6,Intel Core i5 7200U 2.5GHz,8GB,1.9kg
Dell,Alienware 17,Gaming,17.3,Intel Core i7 7700HQ 2.8GHz,16GB,4.42kg
HP,17-X047na (i3-6006U/8GB/1TB/W10),Notebook,17.3,Intel Core i3 6006U 2GHz,8GB,2.65kg
HP,ProBook 470,Notebook,17.3,Intel Core i7 7500U 2.7GHz,8GB,2.63kg
Asus,A541NA-GO342 (N3350/4GB/500GB/Linux),Notebook,15.6,Intel Celeron Dual Core N3350 1.1GHz,4GB,2kg
Mediacom,SmartBook 130,Notebook,13.3,Intel Atom x5-Z8350 1.44GHz,4GB,1.35kg
Lenovo,IdeaPad 320-17IKB,Notebook,17.3,Intel Core i7 7500U 2.7GHz,6GB,2.8kg
HP,15-bw007nv (A10-9620P/6GB/128GB/Radeon,Notebook,15.6,AMD A10-Series A10-9620P 2.5GHz,6GB,1.91kg
Dell,Vostro 3568,Notebook,15.6,Intel Core i3 6006U 2GHz,4GB,2.18kg
Acer,Spin SP111-31,2 in 1 Convertible,11.6,Intel Celeron Dual Core N3350 2.0GHz,4GB,1.25kg
Lenovo,V330-15IKB (i3-7130U/4GB/128GB/FHD/W10),Notebook,15.6,Intel Core i3 7130U 2.7GHz,4GB,2.05kg
HP,EliteBook 1030,Ultrabook,13.3,Intel Core M 6Y75 1.2GHz,16GB,1.16kg
Lenovo,Thinkpad P71,Notebook,17.3,Intel Core i7 7700HQ 2.8GHz,8GB,3.4kg
Asus,FX553VD-DM627T (i5-7300HQ/8GB/1TB,Notebook,15.6,Intel Core i5 7300HQ 2.5GHz,8GB,2.5kg
Dell,XPS 13,Ultrabook,13.3,Intel Core i5 8250U 1.6GHz,8GB,1.21kg
Dell,Latitude 5580,Notebook,15.6,Intel Core i5 7300U 2.6GHz,4GB,1.93kg
Fujitsu,Lifebook A557,Notebook,15.6,Intel Core i5 7200U 2.5GHz,8GB,2.2kg
Lenovo,IdeaPad 320-15IAP,Notebook,15.6,Intel Pentium Quad Core N4200 1.1GHz,4GB,2.2kg
Lenovo,ThinkPad L470,Notebook,14.0,Intel Core i5 7200U 2.5GHz,4GB,2.02kg
HP,ZBook 17,Workstation,17.3,Intel Core i5 7440HQ 2.8GHz,8GB,3.14kg
HP,14-am079na (N3710/8GB/2TB/W10),Notebook,14.0,Intel Pentium Quad Core N3710 1.6GHz,8GB,1.94kg
HP,15-cd005nv (A9-9420/6GB/256GB/Radeon,Notebook,15.6,AMD A9-Series A9-9420 3GHz,6GB,1.95kg
Lenovo,Thinkpad E570,Notebook,15.6,Intel Core i5 7200U 2.5GHz,8GB,2.3kg
Lenovo,V330-15IKB (i5-8250U/4GB/500GB/FHD/W10),Notebook,15.6,Intel Core i5 8250U 1.6GHz,4GB,2.05kg
Mediacom,SmartBook 141,Notebook,14.0,Intel Atom x5-Z8350 1.44GHz,4GB,1.4kg
Toshiba,Tecra X40-D-10H,Ultrabook,14.0,Intel Core i7 7500U 2.7GHz,16GB,1.24kg
Lenovo,IdeaPad Y910-17ISK,Gaming,17.3,Intel Core i7 6820HK 2.7GHz,32GB,4.6kg
MSI,GT73VR Titan,Gaming,17.3,Intel Core i7 7820HK 2.9GHz,16GB,4.14kg
Dell,Inspiron 3567,Notebook,15.6,Intel Core i7 7500U 2.7GHz,8GB,2.2kg
Mediacom,SmartBook Edge,Notebook,14.0,Intel Celeron Quad Core N3450 1.1GHz,4GB,1.45kg
Dell,Latitude 5580,Notebook,15.6,Intel Core i5 7300U 2.6GHz,8GB,1.9kg
HP,ProBook 430,Notebook,13.3,Intel Core i3 7100U 2.4GHz,4GB,1.49kg
Dell,Latitude 5580,Notebook,15.6,Intel Core i7 7600U 2.8GHz,16GB,1.93kg
Dell,Chromebook 11,Netbook,11.6,Intel Celeron Dual Core N3060 1.6GHz,4GB,1.26kg
MSI,GT80S 6QE,Gaming,17.3,Intel Core i7 6820HK 2.7GHz,16GB,4.5kg
HP,Omen 17-AN010nv,Gaming,17.3,Intel Core i7 7700HQ 2.8GHz,16GB,3.78kg
Lenovo,Thinkpad T460s,Ultrabook,14.0,Intel Core i7 6600U 2.6GHz,12GB,1.4kg
Lenovo,Ideapad 320-15IKBR,Notebook,15.6,Intel Core i7 8550U 1.8GHz,12GB,2.2kg
Asus,ROG Strix,Gaming,17.3,Intel Core i5 7300HQ 2.5GHz,8GB,2.73kg
Asus,TP501UA-CJ131T (i5-7200U/8GB/1TB/W10),2 in 1 Convertible,15.6,Intel Core i5 7200U 2.5GHz,8GB,2.2kg
Lenovo,IdeaPad 320-15ABR,Notebook,15.6,AMD A12-Series 9720P 3.6GHz,12GB,2.2kg
Dell,Inspiron 3179,2 in 1 Convertible,11.6,Intel Core M 7Y30 1.0GHz,4GB,1.39kg
Samsung,Notebook Odyssey,Notebook,15.6,Intel Core i7 7700HQ 2.8GHz,16GB,2.5kg
Lenovo,V320-17ISK (i3-6006U/4GB/500GB/FHD/No,Notebook,17.3,Intel Core i3 6006U 2GHz,4GB,2.8kg
Lenovo,IdeaPad 110-15ISK,Notebook,15.6,Intel Core i3 6100U 2.3GHz,8GB,2.29kg
Lenovo,ThinkPad Yoga,2 in 1 Convertible,13.3,Intel Core i7 7500U 2.7GHz,8GB,1.37kg
Lenovo,Thinkpad T470p,Notebook,14.0,Intel Core i5 7300HQ 2.5GHz,8GB,1.7kg
Dell,Latitude 5289,2 in 1 Convertible,12.5,Intel Core i5 7200U 2.5GHz,8GB,1.34kg
Dell,Precision 3520,Workstation,15.6,Intel Core i7 7700HQ 2.8GHz,8GB,2.06kg
HP,EliteBook 850,Notebook,15.6,Intel Core i7 7500U 2.7GHz,8GB,1.84kg
HP,ProBook 450,Notebook,15.6,Intel Core i3 7100U 2.4GHz,4GB,2.1kg
Acer,Aspire 1,Notebook,14.0,Intel Celeron Quad Core N3450 1.1GHz,4GB,1.6kg
MSI,Laptop MSI,Gaming,17.3,Intel Core i7 6820HK 2.7GHz,16GB,4.14kg
Dell,Vostro 3568,Notebook,15.6,Intel Core i3 6006U 2GHz,4GB,2.18kg
MSI,GS63VR 7RF,Gaming,15.6,Intel Core i7 7700HQ 2.8GHz,16GB,1.8kg
Toshiba,Tecra Z50-C-144,Notebook,15.6,Intel Core i7 6500U 2.5GHz,8GB,2.2kg
Lenovo,IdeaPad 310-15IKB,Notebook,15.6,Intel Core i5 7200U 2.5GHz,6GB,2.4kg
Lenovo,Yoga 720-15IKB,2 in 1 Convertible,15.6,Intel Core i7 7700HQ 2.8GHz,8GB,2kg
Acer,Swift SF114-31-P5HY,Notebook,14.0,Intel Pentium Quad Core N3710 1.6GHz,4GB,1.6kg
Lenovo,Thinkpad P51,Notebook,15.6,Intel Xeon E3-1535M v6 3.1GHz,32GB,2.5kg
Dell,Inspiron 7559,Gaming,15.6,Intel Core i7 6700HQ 2.6GHz,16GB,2.59kg
Dell,Vostro 3568,Notebook,15.6,Intel Core i3 6006U 2.0GHz,4GB,2.18kg
Dell,Inspiron 3567,Notebook,15.6,Intel Core i3 6006U 2.0GHz,4GB,2.25kg
Dell,Latitude 5580,Notebook,15.6,Intel Core i5 7300U 2.6GHz,4GB,1.93kg
Asus,FX753VD-GC007T (i7-7700HQ/8GB/1TB,Gaming,17.3,Intel Core i7 7700HQ 2.8GHz,8GB,3kg
Dell,Vostro 3568,Notebook,15.6,Intel Core i5 7200U 2.5GHz,4GB,2.18kg
HP,EliteBook 850,Ultrabook,15.6,Intel Core i7 7500U 2.7GHz,8GB,1.84kg
MSI,GT62VR 7RE,Gaming,15.6,Intel Core i7 7700HQ 2.8GHz,16GB,2.94kg
Acer,CB5-132T-C9KK (N3160/4GB/32GB/Chrome,2 in 1 Convertible,11.6,Intel Celeron Quad Core N3160 1.6GHz,4GB,1.25kg
HP,ProBook 650,Notebook,14.0,Intel Core i5 7300U 2.6GHz,8GB,2.31kg
Lenovo,ThinkPad T470,Notebook,14.0,Intel Core i5 6200U 2.3GHz,8GB,1.65kg
Dell,Inspiron 5570,Notebook,15.6,Intel Core i5 8250U 1.6GHz,4GB,2.2kg
Fujitsu,LifeBook A557,Notebook,15.6,Intel Core i5 7200U 2.5GHz,8GB,2.2kg
HP,EliteBook 850,Notebook,15.6,Intel Core i5 6200U 2.3GHz,4GB,1.88kg
Lenovo,IdeaPad 320-15IKB,Notebook,15.6,Intel Core i7 7500U 2.7GHz,8GB,2.2kg
Mediacom,SmartBook 140,Notebook,14.0,Intel Atom x5-Z8350 1.44GHz,2GB,1.4kg
Lenovo,IdeaPad 320-15IKBN,Notebook,15.6,Intel Core i5 7200U 2.5GHz,4GB,2.2kg
Asus,Q304UA-BHI5T11 (i5-7200U/6GB/1TB/FHD/W10),2 in 1 Convertible,13.3,Intel Core i5 7200U 2.5GHz,6GB,1.5kg
Dell,XPS 15,Notebook,15.6,Intel Core i7 7700HQ 2.8GHz,8GB,2kg
Asus,ZenBook 3,Ultrabook,14.0,Intel Core i7 7500U 2.7GHz,16GB,1.1kg
Dell,Inspiron 7567,Gaming,15.6,Intel Core i7 7700HQ 2.8GHz,16GB,2.62kg
Lenovo,V330-15IKB (i5-8250U/4GB/256GB/FHD/W10),Notebook,15.6,Intel Core i5 8250U 1.6GHz,4GB,1.8kg
Lenovo,Ideapad 320-15ISK,Notebook,15.6,Intel Core i3 6006U 2GHz,4GB,2.2kg
Asus,X541NA-GO414T (N3350/8GB/1TB/W10),Notebook,15.6,Intel Celeron Dual Core N3350 1.1GHz,8GB,2kg
Asus,VivoBook Pro,Notebook,15.6,Intel Core i5 7300HQ 2.5GHz,8GB,1.99kg
Dell,XPS 13,Ultrabook,13.3,Intel Core i5 8250U 1.6GHz,8GB,1.23kg
Lenovo,IdeaPad 100S-14IBR,Notebook,14.0,Intel Celeron Dual Core N3060 1.6GHz,2GB,1.42kg
Lenovo,Thinkpad Yoga,2 in 1 Convertible,13.3,Intel Core i7 7500U 2.7GHz,8GB,1.37kg
Dell,XPS 15,Notebook,15.6,Intel Core i7 7700HQ 2.8GHz,16GB,2.06kg
Lenovo,Legion Y520-15IKBN,Gaming,15.6,Intel Core i7 7700HQ 2.8GHz,8GB,2.5kg
HP,17-AK091ND (A9-9420/8GB/1TB/W10),Notebook,17.0,AMD A9-Series 9420 3GHz,8GB,2.6kg
Lenovo,ThinkPad X1,Ultrabook,14.0,Intel Core i7 7500U 2.7GHz,16GB,1.14kg
Asus,ROG GL553VE-FY022,Gaming,15.6,Intel Core i7 7700HQ 2.8GHz,8GB,2.5kg
Acer,Extensa EX2540,Notebook,15.6,Intel Core i3 6006U 2GHz,4GB,2.4kg
Lenovo,IdeaPad 100S-14IBR,Notebook,14.0,Intel Celeron Dual Core N3060 1.6GHz,4GB,1.43kg
Acer,Swift 3,Ultrabook,14.0,Intel Core i5 7200U 2.5GHz,8GB,1.8kg
Razer,Blade Pro,Gaming,14.0,Intel Core i7 7700HQ 2.8GHz,16GB,1.95kg
Toshiba,Portege Z30-C-16J,Notebook,13.3,Intel Core i5 6200U 2.3GHz,8GB,1.2kg
Lenovo,Thinkpad X270,Ultrabook,12.5,Intel Core i7 7500U 2.7GHz,8GB,1.36kg
Asus,ROG G701VI,Gaming,17.3,Intel Core i7 6820HK 2.7GHz,32GB,3.8kg
Acer,A715-71G-59DH (i5-7300HQ/8GB/1TB/GeForce,Gaming,15.6,Intel Core i5 7300HQ 2.5GHz,8GB,2.4kg
Dell,XPS 13,Ultrabook,13.3,Intel Core i5 8250U 1.6GHz,8GB,1.2kg
MSI,GL62M 7REX,Gaming,15.6,Intel Core i7 7700HQ 2.8GHz,8GB,2.2kg
HP,250 G6,Notebook,15.6,Intel Core i3 6006U 2GHz,4GB,1.86kg
Toshiba,Tecra A50-D-11M,Notebook,15.6,Intel Core i5 7200U 2.5GHz,8GB,2.0kg
Dell,Inspiron 5570,Notebook,15.6,Intel Core i7 8550U 1.8GHz,8GB,2.2kg
Dell,Inspiron 5570,Notebook,15.6,Intel Core i7 8550U 1.8GHz,16GB,2.2kg
Lenovo,IdeaPad Y700-15ISK,Gaming,15.6,Intel Core i7 6700HQ 2.6GHz,8GB,3.31kg
Dell,Alienware 17,Gaming,17.3,Intel Core i7 7700HQ 2.8GHz,32GB,4.42kg
Dell,Latitude E7470,Notebook,14.0,Intel Core i5 6300U 2.4GHz,8GB,1.56kg
Lenovo,Ideapad 320-15IAP,Notebook,15.6,Intel Celeron Dual Core N3350 1.1GHz,4GB,2.2kg
Lenovo,IdeaPad 320-15ISK,Notebook,15.6,Intel Core i5 6200U 2.3GHz,4GB,2.2kg
HP,15-ay047nv (i3-6006U/6GB/1TB/Radeon,Notebook,15.6,Intel Core i3 6006U 2GHz,6GB,2.04kg
MSI,GP72VR Leopard,Gaming,17.3,Intel Core i7 7700HQ 2.8GHz,8GB,2.7kg
Toshiba,Satellite Pro,Notebook,15.6,Intel Core i3 6100U 2.1GHz,4GB,2.1kg
Dell,Latitude 3580,Notebook,15.6,Intel Core i5 7200U 2.5GHz,8GB,2.06kg
HP,15-bs012nv (i7-7500U/8GB/1TB/Radeon,Notebook,15.6,Intel Core i7 7500U 2.7GHz,8GB,2.1kg
Toshiba,Tecra Z50-D-10E,Notebook,15.6,Intel Core i5 7200U 2.5GHz,8GB,2.0kg
Acer,Aspire 3,Notebook,15.6,Intel Core i3 6006U 2GHz,4GB,2.1kg
Microsoft,Surface Laptop,Ultrabook,13.5,Intel Core i7 7600U 2.8GHz,8GB,1.252kg
Lenovo,V310-15ISK (i5-7200U/8GB/1TB,Notebook,15.6,Intel Core i5 7200U 2.5GHz,8GB,1.90kg
Lenovo,Yoga 720-13IKB,2 in 1 Convertible,13.3,Intel Core i5 7200U 2.5GHz,8GB,1.3kg
Lenovo,IdeaPad 320-15AST,Notebook,15.6,AMD E-Series E2-9000 2.2GHz,4GB,2.2kg
HP,Pavilion X360,2 in 1 Convertible,14.0,Intel Core i3 7100U 2.4GHz,4GB,1.63kg
MSI,GP62 7RDX,Gaming,15.6,Intel Core i7 7700HQ 2.8GHz,16GB,2.4kg
Asus,Zenbook 3,Ultrabook,14.0,Intel Core i5 7200U 2.5GHz,8GB,1.1kg
HP,Chromebook X360,2 in 1 Convertible,11.6,Intel Celeron Dual Core N3350 1.1GHz,8GB,1.4kg
LG,Gram 15Z975,Ultrabook,15.6,Intel Core i7 8550U 1.8GHz,8GB,1.09kg
Acer,Aspire VX5-591G,Gaming,15.6,Intel Core i5 7300HQ 2.5GHz,16GB,2.5kg
MSI,GV62M 7RD,Gaming,15.6,Intel Core i5 7300HQ 2.5GHz,8GB,2.2kg
Asus,L502NA-GO052T (N3350/4GB/128GB/W10),Notebook,15.6,Intel Celeron Dual Core N3350 1.1GHz,4GB,1.86kg
Dell,Alienware 15,Gaming,15.6,Intel Core i5 7300HQ 2.5GHz,16GB,3.21kg
HP,17-bs000nv I3,Notebook,17.3,Intel Core i3 6006U 2GHz,4GB,2.5kg
Lenovo,Yoga 730,2 in 1 Convertible,13.3,Intel Core i7 8550U 1.8GHz,8GB,1.19kg
Dell,Alienware 15,Gaming,15.6,Intel Core i7 7820HK 2.9GHz,16GB,3.49kg
HP,250 G6,Notebook,15.6,Intel Core i5 7200U 2.5GHz,4GB,1.86kg
Dell,Inspiron 3567,Notebook,15.6,Intel Core i3 6006U 2GHz,4GB,2.2kg
HP,17-Y002nv (A10-9600P/6GB/2TB/Radeon,Notebook,17.3,AMD A10-Series 9600P 2.4GHz,6GB,2.65kg
Lenovo,V110-15ISK (3855U/4GB/500GB/W10),Notebook,15.6,Intel Celeron Dual Core 3855U 1.6GHz,4GB,2.1kg
Acer,Chromebook 14,Notebook,14.0,Intel Celeron Dual Core 3855U 1.6GHz,4GB,1.45kg
Lenovo,IdeaPad 520s-14IKB,Notebook,14.0,Intel Core i5 7200U 2.5GHz,4GB,1.7kg
HP,ZBook 17,Workstation,17.3,Intel Core i7 7700HQ 2.8GHz,8GB,3.14kg
Lenovo,ThinkPad X1,2 in 1 Convertible,14.0,Intel Core i7 7500U 2.7GHz,8GB,1.42kg
Toshiba,Satellite Pro,Notebook,13.3,Intel Core i5 7200U 2.5GHz,8GB,1.5kg
Acer,TravelMate B117-M,Netbook,11.6,Intel Celeron Dual Core N3050 1.6GHz,4GB,1.4kg
Lenovo,Yoga 910-13IKB,2 in 1 Convertible,14.0,Intel Core i7 7500U 2.7GHz,16GB,1.38kg
Asus,Chromebook Flip,2 in 1 Convertible,12.5,Intel Core M M3-6Y30 0.9GHz,4GB,1.2kg
Toshiba,Portege Z30T-C-133,Ultrabook,13.3,Intel Core i7 6500U 2.5GHz,16GB,1.36kg
HP,15-bs011nv (i7-7500U/4GB/500GB/Radeon,Notebook,15.6,Intel Core i7 7500U 2.7GHz,4GB,2.1kg
Dell,Inspiron 5577,Gaming,15.6,Intel Core i5 7300HQ 2.5GHz,8GB,2.56kg
Lenovo,IdeaPad 320-15AST,Notebook,15.6,AMD A9-Series 9420 2.9GHz,4GB,2.2kg
Lenovo,IdeaPad 320-15ABR,Notebook,15.6,AMD A12-Series 9720P 3.6GHz,8GB,2.2kg
Lenovo,V310-15IKB (i5-7200U/4GB/1TB/FHD/W10),Notebook,15.6,Intel Core i5 7200U 2.5GHz,4GB,2.1kg
Lenovo,V310-15ISK (i3-6006U/4GB/500GB/No,Notebook,15.6,Intel Core i3 6006U 2GHz,4GB,1.90kg
Dell,Vostro 5568,Notebook,15.6,Intel Core i5 7200U 2.5GHz,8GB,2.18kg
Acer,Spin 5,2 in 1 Convertible,13.3,Intel Core i5 8250U 1.6GHz,8GB,1.6kg
Lenovo,ThinkPad P51s,Workstation,15.6,Intel Core i7 6500U 2.5GHz,16GB,2.18kg
Lenovo,Thinkpad T460p,Notebook,14.0,Intel Core i5 6300HQ 2.3GHz,8GB,1.8kg
HP,17-ak002nv (A10-9620P/6GB/2TB/Radeon,Notebook,17.3,AMD A10-Series 9620P 2.5GHz,6GB,2.71kg
Lenovo,Legion Y520-15IKBN,Gaming,15.6,Intel Core i7 7700HQ 2.8GHz,8GB,2.5kg
Dell,Latitude 5480,Notebook,14.0,Intel Core i5 7440HQ 2.8GHz,8GB,1.64kg
Dell,Vostro 5568,Notebook,15.6,Intel Core i5 7200U 2.5GHz,8GB,1.98kg
Asus,VivoBook E403NA,Notebook,14.0,Intel Celeron Dual Core N3350 1.1GHz,4GB,1.5kg
Dell,Latitude 5580,Notebook,15.6,Intel Core i5 7300U 2.6GHz,16GB,1.93kg
Lenovo,Thinkpad E470,Notebook,14.0,Intel Core i5 7200U 2.5GHz,8GB,1.87kg
Dell,Latitude 5580,Notebook,15.6,Intel Core i5 7300U 2.6GHz,8GB,1.9kg
Lenovo,110-15ACL (A6-7310/4GB/500GB/W10),Notebook,15.6,AMD A6-Series 7310 2GHz,4GB,2.19kg
Mediacom,Smartbook 142,Notebook,14.0,Intel Atom Z8350 1.92GHz,4GB,1.4kg
HP,ProBook 470,Notebook,17.3,Intel Core i7 7500U 2.7GHz,8GB,2.63kg
Lenovo,ThinkPad X1,Ultrabook,14.0,Intel Core i7 6500U 2.5GHz,8GB,1.17kg
HP,Pavilion X360,2 in 1 Convertible,13.3,Intel Core i5 7200U 2.5GHz,8GB,1.58kg
Lenovo,ThinkPad T470s,Ultrabook,14.0,Intel Core i5 7200U 2.5GHz,8GB,1.32kg
Dell,Alienware 17,Gaming,17.3,Intel Core i7 7700HQ 2.8GHz,32GB,4.36kg
MSI,GL72M 7REX,Gaming,17.3,Intel Core i7 7700HQ 2.8GHz,8GB,2.7kg
Lenovo,V310-15IKB (i5-7200U/4GB/1TB/No,Notebook,15.6,Intel Core i5 7200U 2.5GHz,4GB,1.9kg
Dell,Inspiron 5570,Notebook,15.6,Intel Core i5 8250U 1.6GHz,8GB,2.2kg
Dell,Inspiron 5378,2 in 1 Convertible,13.3,Intel Core i3 7100U 2.4GHz,4GB,1.71kg
Dell,Inspiron 5567,Notebook,15.6,Intel Core i5 7200U 2.5GHz,8GB,2.32kg
HP,15-BW037na (A9-9420/4GB/1TB/Radeon,Notebook,15.6,AMD A9-Series 9420 3GHz,4GB,2.1kg
Acer,Predator 17,Gaming,17.3,Intel Core i7 6700HQ 2.6GHz,16GB,4.2kg
Dell,Inspiron 3567,Notebook,15.6,Intel Core i5 7200U 2.5GHz,12GB,2.25kg
HP,15-BW091ND (A9-9420/6GB/1TB,Notebook,15.6,AMD A9-Series A9-9420 3GHz,6GB,2.1kg
Acer,Extensa EX2540-58KR,Notebook,15.6,Intel Core i5 7200U 2.5GHz,4GB,2.4kg
Lenovo,ThinkPad 13,Notebook,13.3,Intel Core i5 7200U 2.5GHz,8GB,1.44kg
Lenovo,V310-15IKB (i7-7500U/4GB/1TB/FHD/W10),Notebook,15.6,Intel Core i7 7500U 2.7GHz,4GB,1.85kg
HP,ZBook 15,Workstation,15.6,Intel Core i7 7700HQ 2.8GHz,16GB,2.6kg
Dell,Inspiron 5379,2 in 1 Convertible,13.3,Intel Core i5 8250U 1.6GHz,8GB,1.55kg
MSI,GS63VR 7RF,Gaming,15.6,Intel Core i7 7700HQ 2.8GHz,16GB,1.8kg
Acer,Aspire ES1-572,Notebook,15.6,Intel Core i3 6006U 2GHz,4GB,2.4kg
Dell,Inspiron 7560,Notebook,15.6,Intel Core i7 7500U 2.7GHz,8GB,2.0kg
Dell,Vostro 3568,Notebook,15.6,Intel Core i3 6006U 2GHz,8GB,2kg
Toshiba,Tecra X40-D-10G,Notebook,14.0,Intel Core i5 7200U 2.5GHz,8GB,1.25kg
Lenovo,Flex 5,2 in 1 Convertible,14.0,Intel Core i5 7200U 2.5GHz,8GB,1.7kg
Lenovo,Thinkpad P51s,Workstation,15.6,Intel Core i7 7600U 2.8GHz,16GB,2.5kg
Acer,Chromebook 14,Notebook,14.0,Intel Celeron Dual Core N3060 1.6GHz,2GB,1.68kg
Samsung,Notebook 9,Ultrabook,13.3,Intel Core i7 7500U 2.7GHz,16GB,0.81kg
HP,250 G6,Notebook,15.6,Intel Core i3 6006U 2GHz,8GB,1.86kg
Dell,Latitude 5480,Notebook,14.0,Intel Core i5 7200U 2.5GHz,8GB,1.6kg
HP,Zbook 17,Workstation,17.3,Intel Xeon E3-1535M v5 2.9GHz,16GB,3kg
Lenovo,N23 (N3060/4GB/128GB/W10),Netbook,11.6,Intel Celeron Dual Core N3060 1.6GHz,4GB,1.4kg
HP,EliteBook 850,Notebook,15.6,Intel Core i5 6300U 2.4GHz,8GB,1.84kg
Asus,X550VX-XX015D (i5-6300HQ/4GB/1TB/GeForce,Notebook,15.6,Intel Core i5 6300HQ 2.3GHz,4GB,2.45kg
Lenovo,Thinkpad T460,Ultrabook,14.0,Intel Core i5 6200U 2.3GHz,4GB,1.7kg
Asus,Pro P2540UA-XO0192R,Notebook,15.6,Intel Core i7 7500U 2.7GHz,4GB,2.37kg
Lenovo,Yoga 900-13ISK,2 in 1 Convertible,13.3,Intel Core i5 6260U 1.8GHz,8GB,1.3kg
HP,15-cb003na (i5-7300HQ/8GB/1TB,Notebook,15.6,Intel Core i5 7300HQ 2.5GHz,8GB,2.2kg
HP,ZBook 15,Workstation,15.6,Intel Core i7 6700HQ 2.6GHz,8GB,2.59kg
Dell,Alienware 17,Gaming,15.6,Intel Core i7 7700HQ 2.8GHz,16GB,4.42kg
Acer,Aspire 3,Notebook,15.6,Intel Core i5 7200U 2.5GHz,4GB,2.1kg
Lenovo,Legion Y520-15IKBN,Gaming,15.6,Intel Core i7 7700HQ 2.8GHz,8GB,2.5kg
Dell,Latitude 7280,Ultrabook,12.5,Intel Core i7 7600U 2.8GHz,16GB,1.18kg
Google,Pixelbook (Core,Ultrabook,12.3,Intel Core i5 7Y57 1.2GHz,8GB,1.1kg
Asus,Zenbook UX330UA-AH5Q,Ultrabook,13.3,Intel Core i5 7200U 2.5GHz,8GB,1.2kg
Dell,Latitude 3380,Notebook,13.3,Intel Core i3 6006U 2GHz,4GB,1.65kg
Acer,TravelMate P238-M,Notebook,13.3,Intel Core i5 6200U 2.3GHz,4GB,1.6kg
Asus,X751NV-TY001 (N4200/4GB/1TB/GeForce,Notebook,17.3,Intel Pentium Quad Core N4200 1.1GHz,4GB,2.8kg
Dell,Inspiron 7559,Gaming,15.6,Intel Core i7 6700HQ 2.6GHz,16GB,2.72kg
Samsung,Notebook 9,Ultrabook,13.3,Intel Core i7 7500U 2.7GHz,8GB,1.31kg
Acer,Aspire A315-31,Notebook,15.6,Intel Pentium Quad Core N4200 1.1GHz,4GB,2.1kg
Dell,Inspiron 5567,Notebook,15.6,Intel Core i7 7500U 2.7GHz,16GB,2.3kg
Samsung,Notebook 9,2 in 1 Convertible,15.0,Intel Core i7 7500U 2.7GHz,16GB,1.71kg
Toshiba,Tecra A40-C-1E5,Notebook,14.0,Intel Core i5 6200U 2.3GHz,4GB,1.75kg
Dell,Inspiron 7567,Gaming,15.6,Intel Core i7 7700HQ 2.8GHz,8GB,2.62kg
HP,EliteBook 820,Ultrabook,12.5,Intel Core i5 6200U 2.3GHz,4GB,1.26kg
Asus,Q524UQ-BHI7T15 (i7-7500U/12GB/2TB/GeForce,2 in 1 Convertible,15.6,Intel Core i7 7500U 2.7GHz,12GB,2.3kg
Lenovo,Thinkpad P50,Notebook,15.6,Intel Core i7 6820HQ 2.7GHz,16GB,2.5kg
Acer,Swift 3,Notebook,14.0,Intel Core i3 7100U 2.4GHz,4GB,1.8kg
Razer,Blade Pro,Gaming,14.0,Intel Core i7 7700HQ 2.8GHz,16GB,1.95kg
Asus,Vivobook Max,Notebook,15.6,Intel Pentium Dual Core N4200 1.1GHz,8GB,2kg
Dell,Alienware 17,Gaming,17.3,Intel Core i7 7700HQ 2.8GHz,32GB,4.42kg
Asus,Rog G752VS-BA171T,Gaming,17.3,Intel Core i7 6700HQ 2.6GHz,16GB,4.3kg
Toshiba,Tecra Z40-C-161,Ultrabook,14.0,Intel Core i7 6600U 2.6GHz,16GB,1.47kg
Lenovo,IdeaPad 110-15IBR,Notebook,15.6,Intel Celeron Quad Core N3710 1.6GHz,8GB,2.2kg
Lenovo,ThinkPad T470s,Ultrabook,14.0,Intel Core i7 7500U 2.7GHz,16GB,1.7kg
MSI,GS43VR 7RE,Gaming,14.0,Intel Core i7 7700HQ 2.8GHz,16GB,1.6kg
MSI,GL62M (i5-7300HQ/8GB/1TB,Gaming,15.6,Intel Core i5 7300HQ 2.5GHz,8GB,2.2kg
Lenovo,Legion Y520-15IKBN,Gaming,15.6,Intel Core i7 7700HQ 2.8GHz,4GB,2.4kg
Acer,Predator G9-793,Gaming,17.3,Intel Core i7 7700HQ 2.8GHz,16GB,4.2kg
Dell,Inspiron 7567,Gaming,15.6,Intel Core i5 7300HQ 2.5GHz,8GB,2.62kg
Asus,FX502VM-DM560T (i7-7700HQ/8GB/1TB,Gaming,15.6,Intel Core i7 7700HQ 2.8GHz,8GB,2.24kg
Vero,K146 (N3350/4GB/32GB/W10),Notebook,14.0,Intel Celeron Dual Core N3350 1.1GHz,4GB,1.22kg
Lenovo,ThinkPad Yoga,2 in 1 Convertible,13.3,Intel Core i7 7500U 2.7GHz,8GB,1.37kg
Lenovo,Yoga 510-15IKB,2 in 1 Convertible,15.6,Intel Core i5 7200U 2.5GHz,8GB,2.08kg
Apple,"MacBook 12""",Ultrabook,12.0,Intel Core M 1.2GHz,8GB,0.920kg
Lenovo,ThinkPad X1,2 in 1 Convertible,14.0,Intel Core i5 7200U 2.5GHz,8GB,1.42kg
Asus,R417NA-RS01 (N3350/4GB/32GB/W10),Notebook,14.0,Intel Celeron Dual Core N3350 1.1GHz,4GB,1.63kg
Dell,Latitude 3580,Notebook,15.6,Intel Core i5 7200U 2.5GHz,8GB,1.95kg
Lenovo,Yoga 910-13IKB,2 in 1 Convertible,13.9,Intel Core i7 7500U 2.7GHz,8GB,1.38kg
Dell,Vostro 5568,Notebook,15.6,Intel Core i3 6006U 2GHz,8GB,2kg
HP,ZBook 17,Workstation,15.6,Intel Core i7 7700HQ 2.8GHz,8GB,3.14kg
Asus,Pro P2540UA-XS51,Notebook,15.6,Intel Core i5 7200U 2.5GHz,8GB,2.37kg
Dell,XPS 13,Ultrabook,13.3,Intel Core i5 7200U 2.5GHz,8GB,1.29kg
Dell,XPS 15,Notebook,15.6,Intel Core i5 7300HQ 2.5GHz,8GB,2.06kg
Dell,Latitude 3180,Netbook,11.6,Intel Pentium Quad Core N4200 1.1GHz,4GB,1.63kg
HP,EliteBook 820,Netbook,12.5,Intel Core i5 7300U 2.6GHz,8GB,1.26kg
Toshiba,Satellite Pro,Notebook,15.6,Intel Core i5 6200U 2.3GHz,4GB,2.1kg
HP,15-ba043na (A12-9700P/8GB/2TB/W10),Notebook,15.6,AMD A12-Series 9700P 2.5GHz,8GB,2.04kg
Dell,Inspiron 7567,Gaming,15.6,Intel Core i7 7700HQ 2.8GHz,16GB,2.62kg
Lenovo,IdeaPad 310-15IKB,Notebook,15.6,Intel Core i5 7200U 2.5GHz,4GB,2.4kg
HP,Omen 17-an012dx,Gaming,17.3,Intel Core i7 7700HQ 2.8GHz,12GB,3.74kg
MSI,GE72MVR 7RG,Gaming,17.3,Intel Core i7 7700HQ 2.8GHz,16GB,2.9kg
Samsung,Notebook 9,Ultrabook,13.3,Intel Core i5 7200U 2.5GHz,8GB,0.81kg
Dell,Vostro 5568,Notebook,15.6,Intel Core i7 7500U 2.7GHz,8GB,1.98kg
Dell,Vostro 3568,Notebook,15.6,Intel Core i5 7200U 2.5GHz,8GB,2.18kg
Lenovo,Thinkpad T470s,Ultrabook,14.0,Intel Core i7 7500U 2.7GHz,8GB,1.32kg
Razer,Blade Stealth,Ultrabook,12.5,Intel Core i7 7500U 2.5GHz,16GB,1.29kg
HP,Chromebook 11,Netbook,11.6,Intel Celeron Dual Core N3060 1.6GHz,4GB,1.23kg
Dell,Alienware 17,Gaming,17.3,Intel Core i7 7700HQ 2.8GHz,16GB,4.36kg
Dell,Latitude 3480,Notebook,14.0,Intel Core i5 6200U 2.3GHz,4GB,1.76kg
Lenovo,V110-15ISK (i3-6006U/4GB/500GB/W10),Notebook,15.6,Intel Core i3 6006U 2GHz,4GB,2.1kg
Toshiba,Tecra X40-D-10Z,Ultrabook,14.0,Intel Core i5 7200U 2.5GHz,4GB,1.25kg
Lenovo,Thinkpad X1,Ultrabook,14.0,Intel Core i7 7500U 2.7GHz,8GB,1.13kg
MSI,GL62M 7RD,Gaming,15.6,Intel Core i5 7300HQ 2.5GHz,8GB,2.4kg
Lenovo,ThinkPad X1,Ultrabook,14.0,Intel Core i5 7200U 2.5GHz,8GB,1.13kg
Toshiba,Satellite Pro,Notebook,14.0,Intel Pentium Dual Core 4405U 2.1GHz,4GB,1.75kg
Asus,ZenBook Flip,2 in 1 Convertible,13.3,Intel Core i5 7200U 2.5GHz,8GB,1.1kg
Dell,Latitude 3480,Notebook,14.0,Intel Core i3 6006U 2GHz,4GB,1.76kg
Acer,Chromebook 11,Netbook,11.6,Intel Celeron Dual Core N3060 1.6GHz,4GB,1.35kg
Acer,Swift 3,Notebook,14.0,Intel Core i3 7100U 2.4GHz,8GB,1.5kg
Razer,Blade Pro,Gaming,17.3,Intel Core i7 7820HK 2.9GHz,32GB,3.49kg
Lenovo,Thinkpad X1,Ultrabook,14.0,Intel Core i7 6600U 2.6GHz,16GB,1.1kg
Asus,VivoBook Max,Notebook,15.6,Intel Core i5 7200U 2.5GHz,4GB,2.1kg
Lenovo,Thinkpad T460,Notebook,14.0,Intel Core i5 6200U 2.3GHz,8GB,1.7kg
Lenovo,ThinkPad T470s,Notebook,14.0,Intel Core i5 7300U 2.6GHz,8GB,1.32kg
Dell,Alienware 15,Gaming,15.6,Intel Core i7 7700HQ 2.8GHz,16GB,3.21kg
Asus,Rog GL702VS-BA023T,Gaming,17.3,Intel Core i7 7700HQ 2.8GHz,16GB,2.9kg
Toshiba,Satellite Pro,Notebook,15.6,Intel Core i3 7100U 2.4GHz,4GB,2.0kg
Lenovo,N42-20 Chromebook,Notebook,14.0,Intel Celeron Quad Core N3160 1.6GHz,4GB,1.5kg
Asus,R558UA-DM966T (i5-7200U/8GB/128GB/FHD/W10),Notebook,15.6,Intel Core i5 7200U 2.5GHz,8GB,2.3kg
Asus,Rog GL702VM-GC017T,Gaming,17.3,Intel Core i7 6700HQ 2.6GHz,16GB,2.73kg
Dell,Alienware 17,Gaming,17.3,Intel Core i7 7700HQ 2.8GHz,32GB,4.42kg
HP,ProBook 470,Notebook,17.3,Intel Core i5 7200U 2.5GHz,8GB,2.63kg
Dell,Vostro 3568,Notebook,15.6,Intel Core i5 7200U 2.5GHz,8GB,2.18kg
HP,EliteBook 840,Ultrabook,14.0,Intel Core i7 6500U 2.5GHz,8GB,1.54kg
Dell,Vostro 3568,Notebook,15.6,Intel Core i7 7500U 2.7GHz,4GB,2.18kg
HP,Chromebook X360,2 in 1 Convertible,11.6,Intel Celeron Dual Core N3350 1.1GHz,4GB,1.4kg
Asus,ZenBook UX310UQ-GL026T,Ultrabook,13.3,Intel Core i5 6200U 2.3GHz,8GB,1.45kg
HP,EliteBook x360,2 in 1 Convertible,13.3,Intel Core i5 7200U 2.5GHz,8GB,1.28kg
HP,EliteBook 840,Ultrabook,14.0,Intel Core i7 6500U 2.5GHz,8GB,1.54kg
HP,250 G6,Notebook,15.6,Intel Celeron Dual Core N3060 1.6GHz,4GB,1.86kg
Asus,Rog GL502VM-DS74,Gaming,15.6,Intel Core i7 7700HQ 2.8GHz,16GB,2.1kg
Dell,Inspiron 5767,Notebook,17.3,Intel Core i7 7500U 2.7GHz,8GB,2.83kg
Lenovo,ThinkPad T470p,Ultrabook,14.0,Intel Core i7 7700HQ 2.8GHz,8GB,1.96kg
Asus,K556UR-DM621T (i7-7500U/8GB/256GB/GeForce,Notebook,15.6,Intel Core i7 7500U 2.7GHz,8GB,2.3kg
Dell,Latitude 5580,Notebook,15.6,Intel Core i5 7200U 2.5GHz,8GB,1.9kg
Asus,X541NA (N4200/4GB/1TB/W10),Notebook,15.6,Intel Pentium Quad Core N4200 1.1GHz,4GB,2kg
HP,EliteBook x360,2 in 1 Convertible,13.3,Intel Core i7 7600U 2.8GHz,8GB,1.28kg
Dell,Inspiron 5368,Notebook,13.3,Intel Core i5 6200U 2.3GHz,8GB,1.62kg
Lenovo,IdeaPad 110-15ISK,Notebook,15.6,Intel Core i3 6006U 2.0GHz,4GB,2.2kg
Lenovo,ThinkPad E570,Notebook,15.6,Intel Core i5 7200U 2.5GHz,8GB,2.3kg
HP,EliteBook 850,Notebook,15.6,Intel Core i5 7300U 2.6GHz,8GB,1.84kg
Toshiba,Portege X30-D-10X,Notebook,13.3,Intel Core i5 7200U 2.5GHz,4GB,1.05kg
Lenovo,Legion Y520-15IKBN,Gaming,15.6,Intel Core i5 7300HQ 2.5GHz,8GB,2.5kg
Dell,XPS 13,Ultrabook,13.3,Intel Core i7 7660U 2.5GHz,16GB,1.29kg
HP,Probook 450,Notebook,15.6,Intel Core i5 6200U 2.3GHz,4GB,2.07kg
Toshiba,Portg Z30-C-188,Ultrabook,13.3,Intel Core i5 6200U 2.3GHz,8GB,1.2kg
Lenovo,ThinkPad Yoga,2 in 1 Convertible,13.3,Intel Core i7 7500U 2.7GHz,8GB,1.37kg
Acer,TMX349-G2-M-50FS (i5-7200U/8GB/256GB/FHD/W10),Notebook,14.0,Intel Core i5 7200U 2.5GHz,8GB,1.56kg
Dell,Precision 3520,Workstation,15.6,Intel Core i7 7700HQ 2.8GHz,8GB,2.23kg
Lenovo,ThinkPad L570,Notebook,15.6,Intel Core i5 7200U 2.5GHz,4GB,2.38kg
Lenovo,IdeaPad 110-15ISK,Notebook,15.6,Intel Core i3 6006U 2GHz,4GB,2.2kg
Toshiba,Tecra A50-D-11D,Notebook,15.6,Intel Core i7 7500U 2.7GHz,8GB,2.0kg
Lenovo,Thinkpad 13,Notebook,13.3,Intel Core i3 7100U 2.4GHz,4GB,1.44kg
Samsung,Notebook 9,Ultrabook,15.0,Intel Core i7 7500U 2.7GHz,16GB,1.23kg
Dell,Latitude 7280,Ultrabook,12.5,Intel Core i7 7600U 2.8GHz,8GB,1.6kg
Asus,X541NA-GO121 (N4200/4GB/1TB/Linux),Notebook,15.6,Intel Pentium Quad Core N4200 1.1GHz,4GB,2kg
Xiaomi,Mi Notebook,Ultrabook,13.3,Intel Core i5 6200U 2.3GHz,8GB,1.28kg
Dell,Vostro 5568,Notebook,15.6,Intel Core i5 7200U 2.5GHz,4GB,2.18kg
HP,ProBook 450,Notebook,15.6,Intel Core i5 7200U 2.5GHz,4GB,2.04kg
HP,EliteBook x360,2 in 1 Convertible,13.3,Intel Core i5 7200U 2.5GHz,4GB,1.28kg
HP,Pavilion x360,2 in 1 Convertible,15.6,Intel Core i5 7200U 2.5GHz,4GB,2.3kg
Asus,VivoBook L402NA,Notebook,14.1,Intel Celeron Dual Core N3350 1.1GHz,4GB,1.65kg
Lenovo,IdeaPad 510-15ISK,Notebook,15.6,Intel Core i7 6500U 2.5GHz,8GB,2.2kg
Dell,Inspiron 3552,Notebook,15.6,Intel Pentium Quad Core N3710 1.6GHz,4GB,2.2kg
HP,EliteBook x360,2 in 1 Convertible,13.3,Intel Core i5 7200U 2.5GHz,4GB,1.28kg
Dell,Vostro 3568,Notebook,15.6,Intel Core i3 6006U 2.0GHz,4GB,2.18kg
Asus,Rog GL753VD-GC082T,Gaming,17.3,Intel Core i5 7300HQ 2.5GHz,12GB,2.2kg
Acer,Chromebook C731-C78G,Netbook,11.6,Intel Celeron Dual Core N3060 1.6GHz,4GB,1.25kg
Lenovo,IdeaPad 110-17ACL,Notebook,17.3,AMD A4-Series 7210 2.2GHz,4GB,2.8kg
HP,Probook 640,Notebook,14.0,Intel Core i5 7200U 2.5GHz,4GB,1.95kg
HP,Envy x360,2 in 1 Convertible,13.3,Intel Core i7 7500U 2.7GHz,16GB,1.42kg
Samsung,Notebook 9,Ultrabook,15.0,Intel Core i7 7500U 2.7GHz,8GB,1.17kg
Lenovo,ThinkPad T470s,Ultrabook,14.0,Intel Core i5 7200U 2.5GHz,8GB,1.32kg
MSI,GS73VR Stealth,Gaming,17.3,Intel Core i7 6700HQ 2.6GHz,16GB,2.43kg
Toshiba,Portege X30-D-10V,Notebook,13.3,Intel Core i5 7200U 2.5GHz,8GB,1.05kg
Dell,Inspiron 7567,Gaming,15.6,Intel Core i7 7700HQ 2.8GHz,8GB,2.62kg
HP,ProBook 450,Notebook,15.6,Intel Core i7 7500U 2.7GHz,8GB,2.04kg
Dell,Vostro 3568,Notebook,15.6,Intel Core i3 6006U 2.0GHz,4GB,2.18kg
Dell,Latitude 5580,Notebook,15.6,Intel Core i5 7300U 2.6GHz,8GB,1.9kg
Dell,XPS 13,2 in 1 Convertible,13.3,Intel Core i7 7Y75 1.3GHz,8GB,1.24kg
Asus,G701VO-IH74K (i7-6820HK/32GB/2x,Gaming,17.3,Intel Core i7 6820HK 2.7GHz,32GB,3.58kg
Dell,XPS 13,2 in 1 Convertible,13.3,Intel Core i7 7Y75 1.3GHz,16GB,1.22kg
Lenovo,ThinkPad X1,Ultrabook,14.0,Intel Core i7 7500U 2.7GHz,8GB,1.13kg
Lenovo,ThinkPad T570,Notebook,15.6,Intel Core i5 7200U 2.5GHz,8GB,1.95kg
LG,Gram 15Z970,Ultrabook,15.6,Intel Core i7 7500U 2.7GHz,16GB,1.08kg
HP,Elitebook 820,Netbook,12.5,Intel Core i7 7500U 2.7GHz,8GB,1.26kg
Acer,Chromebook CB5-571-C1DZ,Notebook,15.6,Intel Celeron Dual Core 3205U 1.5GHz,4GB,2.20kg
Lenovo,IdeaPad Y700-15ISK,Notebook,15.6,Intel Core i5 6300HQ 2.3GHz,8GB,2.6kg
LG,Gram 14Z970,Ultrabook,14.0,Intel Core i7 7500U 2.7GHz,8GB,0.98kg
Dell,Latitude 5480,Notebook,14.0,Intel Core i5 7440HQ 2.8GHz,8GB,1.6kg
HP,Elitebook Folio,Ultrabook,12.5,Intel Core M 6Y75 1.2GHz,8GB,1.09kg
Lenovo,IdeaPad 510-15IKB,Notebook,15.6,Intel Core i7 7500U 2.7GHz,6GB,2.2kg
HP,ProBook 450,Notebook,15.6,Intel Core i7 7500U 2.7GHz,8GB,2.04kg
Acer,Aspire E5-575,Notebook,15.6,Intel Core i3 7100U 2.4GHz,4GB,2.4kg
Lenovo,ThinkPad 13,Notebook,13.3,Intel Core i5 7200U 2.5GHz,4GB,1.44kg
HP,Probook 430,Notebook,13.3,Intel Core i5 7200U 2.5GHz,8GB,1.49kg
MSI,GE72VR 6RF,Gaming,17.3,Intel Core i7 7700HQ 2.8GHz,16GB,2.7kg
Dell,Inspiron 7567,Gaming,15.6,Intel Core i7 7700HQ 2.8GHz,16GB,2.6kg
MSI,GL62M 7RD,Gaming,15.6,Intel Core i5 7300HQ 2.5GHz,8GB,2.2kg
Dell,Vostro 3568,Notebook,15.6,Intel Core i5 7200U 2.5GHz,4GB,2.18kg
HP,EliteBook 850,Ultrabook,15.6,Intel Core i7 6500U 2.5GHz,8GB,1.84kg
HP,Envy 13-AB077cl,Ultrabook,13.3,Intel Core i7 7500U 2.7GHz,8GB,1.39kg
Toshiba,Tecra Z50-C-140,Notebook,15.6,Intel Core i7 6600U 2.6GHz,16GB,2.4kg
Lenovo,ThinkPad Yoga,2 in 1 Convertible,13.3,Intel Core i5 7200U 2.5GHz,8GB,1.37kg
Dell,Latitude 3580,Notebook,15.6,Intel Core i5 6200U 2.3GHz,4GB,1.95kg
Lenovo,Thinkpad X270,Ultrabook,12.5,Intel Core i7 7500U 2.7GHz,8GB,1.36kg
HP,Probook 650,Notebook,15.6,Intel Core i5 6200U 2.3GHz,8GB,2.31kg
Dell,Vostro 3568,Notebook,15.6,Intel Core i5 7200U 2.5GHz,4GB,2.18kg
HP,ProBook 640,Notebook,14.0,Intel Core i5 6200U 2.3GHz,4GB,1.95kg
Lenovo,IdeaPad 320-15IAP,Notebook,15.6,Intel Pentium Quad Core N4200 1.1GHz,4GB,2.2kg
HP,EliteBook 820,Ultrabook,12.5,Intel Core i5 6200U 2.3GHz,4GB,1.26kg
HP,250 G6,Notebook,15.6,Intel Celeron Dual Core N3060 1.6GHz,4GB,1.86kg
Lenovo,Yoga 900-13ISK,2 in 1 Convertible,13.3,Intel Core i7 6560U 2.2GHz,16GB,1.3kg
Toshiba,Tecra Z40-C-12X,Notebook,14.0,Intel Core i5 6200U 2.3GHz,4GB,1.47kg
HP,EliteBook 820,Netbook,12.5,Intel Core i5 6200U 2.3GHz,8GB,1.26kg
Dell,Vostro 3568,Notebook,15.6,Intel Core i3 6006U 2.0GHz,4GB,2.18kg
MSI,GP62M Leopard,Gaming,15.6,Intel Core i7 7700HQ 2.8GHz,8GB,2.2kg
Dell,Latitude 7480,Ultrabook,14.0,Intel Core i5 7200U 2.5GHz,8GB,1.36kg
Dell,Alienware 17,Gaming,17.3,Intel Core i7 6820HK 2.7GHz,16GB,4.36kg
HP,Omen 17-W006na,Gaming,17.3,Intel Core i5 6300HQ 2.3GHz,8GB,2.75kg
Asus,X751SV-TY001T (N3710/4GB/1TB/GeForce,Notebook,17.3,Intel Pentium Quad Core N3710 1.6GHz,4GB,2.8kg
Acer,TravelMate P259-G2,Notebook,15.6,Intel Core i5 7200U 2.5GHz,4GB,2.23kg
Toshiba,Tecra A50-C-1ZV,Notebook,15.6,Intel Core i5 6200U 2.3GHz,8GB,2.2kg
Lenovo,Yoga 700-11ISK,2 in 1 Convertible,11.3,Intel Core M m7-6Y75 1.2GHz,8GB,1.1kg
Lenovo,IdeaPad Y700-15ACZ,Gaming,15.6,AMD FX 8800P 2.1GHz,16GB,2.5kg
Dell,Latitude 7280,Ultrabook,12.5,Intel Core i5 7200U 2.5GHz,8GB,1.36kg
Lenovo,IdeaPad 310-15IKB,Notebook,15.6,Intel Core i7 7500U 2.7GHz,8GB,2.2kg
Dell,Insprion 5767,Notebook,17.3,Intel Core i3 6006U 2.0GHz,4GB,2.36kg
Acer,Chromebook 14,Notebook,14.0,Intel Celeron Dual Core N3060 1.6GHz,4GB,1.68kg
HP,ZBook Studio,Workstation,15.6,Intel Core i7 6820HQ 2.7GHz,8GB,2.0kg
Dell,Latitude 7480,Ultrabook,14.0,Intel Core i7 7600U 2.8GHz,8GB,1.36kg
Toshiba,Portege Z30-C-1CW,Notebook,13.3,Intel Core i5 6200U 2.3GHz,8GB,1.2kg
Asus,Chromebook Flip,2 in 1 Convertible,12.5,Intel Core M M7-6Y75 1.2GHz,8GB,1.2kg
Lenovo,Thinkpad T460,Ultrabook,14.0,Intel Core i7 6600U 2.6GHz,8GB,1.7kg
Dell,Alienware 17,Gaming,17.3,Intel Core i7 7700HQ 2.8GHz,16GB,4.36kg
Dell,XPS 13,2 in 1 Convertible,13.3,Intel Core i5 7Y54 1.2GHz,8GB,1.24kg
HP,ProBook x360,2 in 1 Convertible,11.6,Intel Pentium Quad Core N4200 1.1GHz,4GB,1.45kg
Dell,XPS 13,Ultrabook,13.3,Intel Core i7 6500U 2.5GHz,8GB,1.3kg
Acer,Chromebook C738T-C2EJ,2 in 1 Convertible,11.6,Intel Celeron Dual Core N3060 1.6GHz,4GB,1.25kg
Toshiba,Portege Z30-C-16Z,Notebook,13.3,Intel Core i5 6300U 2.4GHz,8GB,1.2kg
Lenovo,ThinkPad X270,Ultrabook,12.5,Intel Core i5 7300U 2.6GHz,8GB,1.36kg
Acer,Aspire F5-573G-510L,Notebook,15.6,Intel Core i5 7200U 2.5GHz,12GB,2.4kg
Toshiba,Portege X20W-D-10V,Ultrabook,12.5,Intel Core i7 7500U 2.7GHz,8GB,1.1kg
HP,ProBook 450,Notebook,15.6,Intel Core i5 7200U 2.50GHz,8GB,2.04kg
Dell,Inspiron 3567,Notebook,15.6,Intel Core i3 6006U 2.0GHz,4GB,2.25kg
Dell,Latitude 5580,Notebook,15.6,Intel Core i5 7200U 2.5GHz,4GB,1.9kg
HP,ProBook 450,Notebook,15.6,Intel Core i3 7100U 2.4GHz,4GB,2.04kg
Dell,Alienware 17,Gaming,17.3,Intel Core i7 7700HQ 2.8GHz,32GB,4.42kg
Lenovo,IdeaPad 310-15IKB,Notebook,15.6,Intel Core i5 7200U 2.5GHz,6GB,2.4kg
Dell,XPS 13,2 in 1 Convertible,13.3,Intel Core i7 7Y75 1.3GHz,16GB,1.22kg
Dell,Latitude E7470,Ultrabook,14.0,Intel Core i7 6600U 2.6GHz,8GB,1.5kg
Dell,Alienware 17,Gaming,17.3,Intel Core i7 6700HQ 2.6GHz,32GB,4.42kg
Toshiba,Tecra A40-C-1DF,Notebook,14.0,Intel Core i5 6200U 2.3GHz,8GB,1.95kg
Asus,Rog Strix,Gaming,17.3,Intel Core i7 7700HQ 2.8GHz,16GB,2.73kg
HP,Probook 450,Notebook,15.6,Intel Core i5 7200U 2.70GHz,8GB,2.04kg
Lenovo,ThinkPad T460,Notebook,14.0,Intel Core i5 6200U 2.3GHz,4GB,1.70kg
Asus,Q534UX-BHI7T19 (i7-7500U/16GB/2TB,2 in 1 Convertible,15.6,Intel Core i7 7500U 2.7GHz,16GB,2.3kg
HP,15-bs053od (i7-7500U/6GB/1TB/W10),Notebook,15.6,Intel Core i7 7500U 2.7GHz,6GB,2.04kg
Asus,Rog GL753VE-DS74,Gaming,17.3,Intel Core i7 7700HQ 2.8GHz,16GB,2.99kg
Dell,Inspiron 7579,2 in 1 Convertible,15.6,Intel Core i7 7500U 2.7GHz,12GB,2.19kg
Toshiba,Portege Z30-C-1CV,Notebook,13.3,Intel Core i5 6200U 2.3GHz,4GB,1.2kg
Lenovo,IdeaPad 320-15ABR,Notebook,15.6,AMD A12-Series 9720P 3.6GHz,6GB,2.2kg
Fujitsu,LifeBook A556,Notebook,15.6,Intel Core i5 6200U 2.3GHz,4GB,2.3kg
Toshiba,Tecra A40-C-1KF,Notebook,14.0,Intel Core i5 6200U 2.3GHz,4GB,1.75kg
Dell,Inspiron 3567,Notebook,15.6,Intel Core i5 7200U 2.5GHz,4GB,2.25kg
HP,Probook 450,Notebook,15.6,Intel Core i5 7200U 2.5GHz,8GB,2.04kg
Lenovo,Legion Y520-15IKBN,Gaming,15.6,Intel Core i7 7700HQ 2.8GHz,8GB,2.5kg
Dell,Inspiron 5567,Notebook,15.6,Intel Core i7 7500U 2.7GHz,8GB,2.36kg
Dell,Latitude 5480,Notebook,14.0,Intel Core i5 7200U 2.5GHz,8GB,1.6kg
HP,EliteBook Folio,Netbook,12.5,Intel Core M 6Y75 1.2GHz,8GB,0.97kg
HP,15-bs005nv (i3-6006U/4GB/1TB,Notebook,15.6,Intel Core i3 6006U 2GHz,4GB,2.1kg
Lenovo,V110-15IAP (N3350/4GB/128GB/No,Notebook,15.6,Intel Celeron Dual Core N3350 1.1GHz,4GB,1.9kg
Lenovo,ThinkPad T560,Notebook,15.6,Intel Core i5 6200U 2.3GHz,8GB,2.3kg
Dell,Inspiron 5378,2 in 1 Convertible,13.3,Intel Core i5 7200U 2.5GHz,8GB,1.68kg
Asus,ZenBook UX310UA-FB485T,Notebook,13.3,Intel Core i5 7200U 2.5GHz,8GB,1.4kg
HP,Spectre 13-V111dx,Ultrabook,13.3,Intel Core i7 7500U 2.7GHz,8GB,1.11kg
Acer,Aspire ES1-533,Notebook,15.6,Intel Pentium Quad Core N4200 1.1GHz,4GB,2.4kg
Asus,Rog GL553VE-DS74,Gaming,15.6,Intel Core i7 7700HQ 2.8GHz,16GB,2.5kg
HP,EliteBook 840,Ultrabook,14.0,Intel Core i7 7500U 2.7GHz,8GB,1.48kg
Acer,Nitro 5,Gaming,15.6,Intel Core i7 7700HQ 2.8GHz,8GB,2.7kg
HP,ENVY -,Notebook,13.3,Intel Core i5 7200U 2.5GHz,8GB,1.34kg
Dell,Vostro 3568,Notebook,15.6,Intel Core i3 7100U 2.4GHz,4GB,2.18kg
HP,Probook 440,Notebook,14.0,Intel Core i5 7200U 2.5GHz,4GB,1.64kg
Toshiba,Portege Z30-C-16H,Notebook,13.3,Intel Core i5 6200U 2.3GHz,4GB,1.2kg
HP,EliteBook 840,Notebook,14.0,Intel Core i5 6300U 2.4GHz,4GB,1.48kg
HP,ProBook 640,Notebook,14.0,Intel Core i5 7200U 2.5GHz,4GB,1.95kg
HP,EliteBook 1040,Ultrabook,14.0,Intel Core i7 6600U 2.6GHz,8GB,1.43kg
HP,ProBook 440,Notebook,14.0,Intel Core i5 7200U 2.5GHz,8GB,1.64kg
HP,Probook 440,Notebook,14.0,Intel Core i3 7100U 2.4GHz,4GB,1.64kg
Dell,Inspiron 7567,Gaming,15.6,Intel Core i5 7300HQ 2.5GHz,8GB,2.65kg
HP,EliteBook 820,Ultrabook,12.5,Intel Core i5 7200U 2.5GHz,4GB,1.26kg
HP,Elitebook 840,Notebook,14.0,Intel Core i5 7200U 2.5GHz,4GB,1.48kg
HP,EliteBook 840,Ultrabook,14.0,Intel Core i7 6500U 2.5GHz,8GB,1.54kg
HP,Probook 430,Notebook,13.3,Intel Core i3 7100U 2.4GHz,4GB,1.49kg
Toshiba,Portege A30-C-1CZ,Notebook,13.3,Intel Core i5 6200U 2.3GHz,8GB,1.5kg
HP,ProBook 450,Notebook,15.6,Intel Core i3 7100U 2.4GHz,4GB,2.04kg
Lenovo,ThinkPad P70,Notebook,17.3,Intel Core i7 6820HQ 2.7GHz,16GB,2.4kg
Toshiba,Tecra Z40-C-12Z,Notebook,14.0,Intel Core i5 6200U 2.3GHz,8GB,1.47kg
HP,EliteBook 1040,Notebook,14.0,Intel Core i7 6500U 2.5GHz,8GB,1.43kg
Dell,Inspiron 5568,2 in 1 Convertible,15.6,Intel Core i3 6100U 2.3GHz,4GB,2.08kg
Toshiba,Portg Z30-C-16K,Ultrabook,13.3,Intel Core i5 6200U 2.3GHz,8GB,1.2kg
HP,Spectre 13-V100nv,Notebook,13.3,Intel Core i5 7200U 2.5GHz,8GB,1.11kg
HP,ProBook 440,Notebook,14.0,Intel Core i7 7500U 2.7GHz,8GB,1.64kg
Dell,Latitude E5570,Notebook,15.6,Intel Core i5 6300U 2.4GHz,8GB,2.09kg
HP,Elitebook 820,Ultrabook,12.5,Intel Core i5 7200U 2.5GHz,4GB,1.26kg
HP,ProBook 650,Notebook,14.0,Intel Core i5 7200U 2.5GHz,4GB,2.31kg
HP,ProBook 640,Notebook,14.0,Intel Core i5 7200U 2.5GHz,4GB,1.95kg
Dell,XPS 13,Ultrabook,13.3,Intel Core i5 7200U 2.5GHz,8GB,1.29kg
HP,Probook 470,Notebook,17.3,Intel Core i5 7200U 2.5GHz,8GB,2.63kg
HP,ProBook 440,Notebook,14.0,Intel Core i5 7200U 2.5GHz,4GB,1.64kg
Acer,Aspire 3,Notebook,15.6,AMD A9-Series 9420 3GHz,6GB,2.1kg
MSI,GL72M 7RDX,Gaming,17.3,Intel Core i7 7700HQ 2.8GHz,8GB,2.7kg
HP,Probook 640,Notebook,14.0,Intel Core i5 6200U 2.3GHz,8GB,1.95kg
HP,EliteBook 850,Notebook,15.6,Intel Core i7 6500U 2.5GHz,8GB,1.84kg
HP,EliteBook 820,Ultrabook,12.5,Intel Core i7 6500U 2.5GHz,8GB,1.26kg
HP,ProBook 450,Notebook,15.6,Intel Core i5 7200U 2.5GHz,4GB,2.04kg
Toshiba,Tecra Z40-C-136,Ultrabook,14.0,Intel Core i7 6600U 2.6GHz,8GB,1.47kg
Dell,Latitude E5570,Notebook,15.6,Intel Core i5 6300U 2.4GHz,8GB,2.09kg
HP,ProBook 440,Notebook,14.0,Intel Core i5 7200U 2.5GHz,8GB,1.64kg
Lenovo,Yoga 500-15ISK,2 in 1 Convertible,15.6,Intel Core i7 6500U 2.5GHz,4GB,1.8kg
Vero,V142 (X5-Z8350/2GB/32GB/W10),Notebook,14.0,Intel Atom X5-Z8350 1.44GHz,2GB,1.45kg
Toshiba,Tecra A50-C-218,Notebook,15.6,Intel Core i7 6500U 2.5GHz,16GB,2.4kg
Lenovo,Thinkpad L560,Notebook,15.6,Intel Core i5 6200U 2.3GHz,8GB,2.3kg
HP,EliteBook 840,Notebook,14.0,Intel Core i5 6200U 2.3GHz,4GB,1.54kg
HP,EliteBook 850,Notebook,15.6,Intel Core i5 6300U 2.4GHz,8GB,1.84kg
HP,EliteBook 1040,Notebook,14.0,Intel Core i5 6200U 2.3GHz,8GB,1.43kg
MSI,GT72S Dominator,Gaming,17.3,Intel Core i7 6820HK 2.7GHz,16GB,3.78kg
Lenovo,IdeaPad Y900-17ISK,Gaming,17.3,Intel Core i7 6700HQ 2.6GHz,16GB,4.6kg
Asus,Chromebook C202SA,Netbook,11.6,Intel Celeron Dual Core N3060 1.6GHz,4GB,1.2kg
Lenovo,ThinkPad X1,Notebook,14.0,Intel Core i7 6600U 2.6GHz,16GB,1.1kg
HP,Noteb Pav,Notebook,15.6,Intel Core i7 7500U 2.7GHz,8GB,1.91kg
Dell,Inspiron 5578,2 in 1 Convertible,15.6,Intel Core i5 7200U 2.7GHz,8GB,2.3kg
HP,ProBook 450,Notebook,15.6,Intel Core i5 7200U 2.5GHz,4GB,2.04kg
Dell,XPS 13,Ultrabook,13.3,Intel Core i7 7500U 2.7GHz,16GB,1.2kg
HP,ProBook 650,Notebook,15.6,Intel Core i3 6100U 2.3GHz,4GB,2.31kg
HP,250 G5,Notebook,15.6,Intel Core i5 7200U 2.5GHz,4GB,1.96kg
Acer,Aspire ES1-523,Notebook,15.6,AMD A8-Series 7410 2.2GHz,8GB,2.4kg
Dell,Inspiron 7378,2 in 1 Convertible,13.3,Intel Core i7 7500U 2.7GHz,12GB,1.6kg
MSI,GT62VR 6RD,Gaming,15.6,Intel Core i7 6700HQ 2.6GHz,16GB,2.94kg
HP,ProBook 450,Notebook,15.6,Intel Core i7 7500U 2.7GHz,8GB,2.04kg
Asus,Rog G752VL-GC088D,Gaming,17.3,Intel Core i7 6700HQ 2.6GHz,16GB,4kg
Dell,Inspiron 3567,Notebook,15.6,Intel Core i5 7200U 2.5GHz,4GB,2.25kg
Dell,Inspiron 5567,Notebook,15.6,Intel Core i7 7500U 2.7GHz,16GB,2.32kg
MSI,GS63VR 6RF,Gaming,15.6,Intel Core i7 6700HQ 2.6GHz,16GB,1.8kg
Dell,XPS 13,Ultrabook,13.3,Intel Core i7 7500U 2.7GHz,8GB,1.29kg
Asus,ROG G701VO,Gaming,17.3,Intel Core i7 6820HK 2.7GHz,64GB,3.58kg
Dell,Inspiron 5368,2 in 1 Convertible,13.3,Intel Core i7 6500U 2.5GHz,8GB,1.62kg
Dell,Alienware 15,Gaming,15.6,Intel Core i7 6700HQ 2.6GHz,16GB,3.21kg
Apple,"MacBook 12""",Ultrabook,12.0,Intel Core M 1.1GHz,8GB,0.920kg
Dell,Latitude 3570,Notebook,15.6,Intel Core i3 6100U 2.3GHz,4GB,2.06kg
HP,ProBook 650,Notebook,15.6,Intel Core i5 6200U 2.3GHz,4GB,2.31kg
HP,EliteBook 820,Ultrabook,12.5,Intel Core i5 6200U 2.3GHz,8GB,1.26kg
HP,ProBook 430,Notebook,13.3,Intel Core i7 7500U 2.7GHz,8GB,1.49kg
Lenovo,ThinkPad Yoga,Ultrabook,12.5,Intel Core i7 6500U 2.5GHz,8GB,1.3kg
Lenovo,IdeaPad 300-17ISK,Notebook,17.3,Intel Core i5 6200U 2.3GHz,8GB,3.0kg
Lenovo,Ideapad 700-15ISK,Notebook,15.6,Intel Core i5 6300HQ 2.3GHz,4GB,2.3kg
MSI,GT72VR Dominator,Gaming,17.3,Intel Core i7 7700HQ 2.8GHz,16GB,3.78kg
Lenovo,V110-15ISK (i5-6200U/4GB/500GB/W10),Notebook,15.6,Intel Core i5 6200U 2.3GHz,4GB,2.1kg
HP,Probook 650,Notebook,15.6,Intel Core i5 6200U 2.3GHz,4GB,2.31kg
Lenovo,Yoga 900S-12ISK,Ultrabook,12.5,Intel Core M 6Y75 1.2GHz,8GB,0.99kg
Lenovo,IdeaPad Y900-17ISK,Gaming,17.3,Intel Core i7 6820HK 2.7GHz,32GB,4.6kg
Lenovo,Yoga Book,2 in 1 Convertible,10.1,Intel Atom x5-Z8550 1.44GHz,4GB,0.69kg
HP,Spectre x360,Ultrabook,13.3,Intel Core i7 7500U 2.7GHz,16GB,1.3kg
Dell,Vostro 3568,Notebook,15.6,Intel Core i5 7200U 2.5GHz,8GB,2.18kg
HP,EliteBook 840,Notebook,14.0,Intel Core i5 6200U 2.3GHz,4GB,1.54kg
HP,ZBook 15u,Workstation,15.6,Intel Core i7 6500U 2.5GHz,8GB,1.9kg
Lenovo,ThinkPad T460,Notebook,14.0,Intel Core i5 6200U 2.3GHz,8GB,1.7kg
HP,Chromebook 13,Notebook,13.3,Intel Pentium Dual Core 4405Y 1.5GHz,4GB,1.29kg
Acer,Aspire ES1-523,Notebook,15.6,AMD A8-Series 7410 2.2GHz,4GB,2.4kg
Dell,Inspiron 3552,Notebook,15.6,Intel Pentium Quad Core N3700 1.6GHz,4GB,2.2kg
HP,250 G6,Notebook,15.6,Intel Core i3 6006U 2GHz,4GB,1.86kg
Asus,Rog GL702VM-GC354T,Gaming,17.3,Intel Core i7 7700HQ 2.8GHz,8GB,2.7kg
Dell,Inspiron 5370,Ultrabook,13.3,Intel Core i5 8250U 1.6GHz,4GB,1.4kg
HP,Elitebook 820,Netbook,12.5,Intel Core i5 6200U 2.3GHz,4GB,2.4kg
Acer,Aspire F5-573G,Notebook,15.6,Intel Core i5 7200U 2.5GHz,8GB,2.4kg
Dell,Inspiron 5567,Notebook,15.6,Intel Core i5 7200U 2.5GHz,8GB,2.36kg
MSI,GS70 Stealth,Gaming,17.3,Intel Core i7 6700HQ 2.6GHz,8GB,2.6kg
HP,250 G5,Notebook,15.6,Intel Pentium Quad Core N3710 1.6GHz,4GB,1.96kg
Asus,G752VY-GC162T (i7-6700HQ/16GB/1TB,Gaming,17.3,Intel Core i7 6700HQ 2.6GHz,16GB,4.3kg
Dell,Latitude E5270,Ultrabook,12.5,Intel Core i3 6100U 2.3GHz,4GB,1.5kg
Dell,Latitude E5270,Ultrabook,12.5,Intel Core i3 6100U 2.3GHz,4GB,1.5kg
Acer,Chromebook 15,Notebook,15.6,Intel Celeron Dual Core 3205U 1.5GHz,4GB,2.20kg
HP,ZBook 17,Workstation,17.3,Intel Core i7 6700HQ 2.6GHz,8GB,3.0kg
Lenovo,Legion Y520-15IKBN,Gaming,15.6,Intel Core i7 7700HQ 2.8GHz,16GB,2.4kg
Dell,Latitude E5270,Ultrabook,12.5,Intel Core i5 6200U 2.3GHz,8GB,1.5kg
MSI,GE72 Apache,Gaming,17.3,Intel Core i7 6700HQ 2.6GHz,8GB,2.9kg
Lenovo,Yoga 500-15ISK,2 in 1 Convertible,15.6,Intel Core i5 6200U 2.3GHz,4GB,2.1kg
HP,15-bw011nv (A6-9220/4GB/1TB/FHD/W10),Notebook,15.6,AMD A6-Series 9220 2.5GHz,4GB,2.1kg
Asus,Rog GL552VW-CN470T,Gaming,15.6,Intel Core i7 6700HQ 2.6GHz,16GB,2.59kg
HP,EliteBook 1030,Notebook,13.3,Intel Core M 6Y54 1.1GHz,8GB,1.16kg
Dell,Vostro 3559,Notebook,15.6,Intel Core i5 6200U 2.3GHz,4GB,2.24kg
Lenovo,V110-15ISK (i3-6006U/4GB/128GB/W10),Notebook,15.6,Intel Core i3 6006U 2.0GHz,4GB,2.1kg
HP,Spectre Pro,Ultrabook,13.3,Intel Core i7 6500U 2.5GHz,8GB,1.16kg
Lenovo,Yoga Book,2 in 1 Convertible,10.1,Intel Atom x5-Z8550 1.44GHz,4GB,0.69kg
Dell,XPS 13,Ultrabook,13.3,Intel Core i7 7560U 2.4GHz,8GB,1.23kg
Lenovo,IdeaPad Y900-17ISK,Gaming,17.3,Intel Core i7 6820HK 2.7GHz,16GB,4.6kg
Razer,Blade Stealth,Ultrabook,12.5,Intel Core i7 6500U 2.5GHz,8GB,1.25kg
Toshiba,Portege X30-D-10K,Ultrabook,13.3,Intel Core i7 7500U 2.7GHz,16GB,1.05kg
Asus,Rog GL752VW-T4308T,Gaming,17.3,Intel Core i7 6700HQ 2.6GHz,8GB,3.52kg
Vero,V131 (X5-Z8350/4GB/32GB/FHD/W10),Notebook,13.3,Intel Atom X5-Z8350 1.44GHz,4GB,1.35kg
HP,Spectre Pro,Notebook,13.3,Intel Core i5 6200U 2.3GHz,8GB,1.16kg
HP,EliteBook 1040,Notebook,14.0,Intel Core i5 6200U 2.3GHz,8GB,1.43kg
Dell,Latitude E5570,Notebook,15.6,Intel Core i5 6200U 2.3GHz,4GB,2.09kg
Asus,VivoBook Max,Notebook,15.6,Intel Core i3 7100U 2.4GHz,4GB,2kg
Lenovo,ThinkPad Yoga,2 in 1 Convertible,14.0,Intel Core i7 6500U 2.5GHz,8GB,1.8kg
Lenovo,Yoga Book,2 in 1 Convertible,10.1,Intel Atom x5-Z8550 1.44GHz,4GB,0.69kg
HP,EliteBook 820,Ultrabook,12.5,Intel Core i5 6300U 2.4GHz,8GB,1.26kg
Lenovo,Legion Y520-15IKBN,Gaming,15.6,Intel Core i5 7300HQ 2.5GHz,8GB,2.4kg
HP,Omen -,Gaming,17.3,Intel Core i5 6300HQ 2.3GHz,8GB,3.35kg
HP,15-bs078cl (i7-7500U/8GB/2TB/W10),Notebook,15.6,Intel Core i7 7500U 2.7GHz,8GB,2.04kg
Lenovo,ThinkPad P40,2 in 1 Convertible,14.0,Intel Core i7 6600U 2.6GHz,8GB,1.8kg
Asus,L403NA-GA013TS (N3350/4GB/32GB/W10),Notebook,14.0,Intel Celeron Dual Core N3350 1.1GHz,4GB,1.5kg
HP,250 G6,Ultrabook,15.6,Intel Core i7 7500U 2.7GHz,8GB,1.84kg
Acer,Aspire E5-576G,Notebook,15.6,Intel Core i5 7200U 2.5GHz,4GB,2.23kg
Lenovo,IdeaPad 500-15ISK,Notebook,15.6,Intel Core i7 6500U 2.5GHz,16GB,2.5kg
HP,ZBook 17,Workstation,17.3,Intel Core i7 6700HQ 2.6GHz,8GB,3kg
Dell,Inspiron 5567,Notebook,15.6,Intel Core i5 7200U 2.5GHz,8GB,2.5kg
MSI,GT72S Dominator,Gaming,17.3,Intel Core i7 6820HQ 2.7GHz,16GB,3.78kg
HP,EliteBook 850,Ultrabook,15.6,Intel Core i7 6500U 2.5GHz,8GB,1.88kg
Lenovo,ThinkPad X1,2 in 1 Convertible,14.0,Intel Core i7 6600U 2.6GHz,16GB,2.8kg
MSI,GP62M 7RDX,Gaming,15.6,Intel Core i7 7700HQ 2.8GHz,8GB,2.4kg
HP,Spectre Pro,2 in 1 Convertible,13.3,Intel Core i5 6300U 2.4GHz,8GB,1.48kg
HP,ZBook 15,Workstation,15.6,Intel Core i7 6700HQ 2.6GHz,8GB,2.59kg
HP,Spectre Pro,2 in 1 Convertible,13.3,Intel Core i7 6600U 2.6GHz,8GB,1.48kg
HP,ZBook Studio,Workstation,15.6,Intel Core i7 6700HQ 2.6GHz,8GB,2.0kg
HP,EliteBook 820,Ultrabook,12.5,Intel Core i7 6500U 2.50GHz,8GB,1.26kg
Dell,Vostro 5568,Notebook,15.6,Intel Core i7 7500U 2.7GHz,8GB,2.18kg
HP,EliteBook 850,Notebook,15.6,Intel Core i5 6200U 2.3GHz,8GB,1.88kg
Lenovo,ThinkPad X1,2 in 1 Convertible,14.0,Intel Core i7 6500U 2.5GHz,8GB,1.27kg
Lenovo,V110-15ISK (i3-6006U/4GB/1TB/No,Notebook,15.6,Intel Core i3 6006U 2.0GHz,4GB,1.9kg
HP,15-BA015wm (E2-7110/4GB/500GB/W10),Notebook,15.6,AMD E-Series 7110 1.8GHz,4GB,1.86kg
Lenovo,B51-80 (i5-6200U/8GB/1TB/Radeon,Notebook,15.6,Intel Core i5 6200U 2.3GHz,8GB,2.32kg
Dell,Inspiron 7567,Gaming,15.6,Intel Core i7 7700HQ 2.8GHz,8GB,2.62kg
Dell,XPS 15,Notebook,15.6,Intel Core i5 6300HQ 2.3GHz,8GB,2.04kg
HP,15-bw002nv (A6-9220/4GB/256GB/Radeon,Notebook,15.6,AMD A6-Series A6-9220 2.5GHz,4GB,1.91kg
MSI,GP72M 7REX,Gaming,17.3,Intel Core i7 7700HQ 2.8GHz,16GB,2.7kg
Lenovo,ThinkPad T460s,Ultrabook,14.0,Intel Core i7 6600U 2.6GHz,12GB,1.4kg
Lenovo,B51-80 (i5-6200U/8GB/1008GB/Radeon,Notebook,15.6,Intel Core i5 6200U 2.3GHz,8GB,2.5kg
HP,Spectre Pro,2 in 1 Convertible,13.3,Intel Core i7 6600U 2.6GHz,8GB,1.48kg
Lenovo,ThinkPad T460,Ultrabook,14.0,Intel Core i7 6600U 2.6GHz,8GB,1.7kg
MSI,GS40 Phantom,Gaming,14.0,Intel Core i7 6700HQ 2.6GHz,16GB,1.7kg
HP,Pavilion 15-cb003nv,Gaming,15.6,Intel Core i7 7700HQ 2.8GHz,8GB,2.62kg
Lenovo,IdeaPad 310-15ISK,Notebook,15.6,Intel Core i3 6006U 2.0GHz,8GB,2.2kg
HP,250 G4,Notebook,15.6,Intel Core i5 6200U 2.3GHz,4GB,2.1kg
Dell,Inspiron 7567,Gaming,15.6,Intel Core i7 7700HQ 2.8GHz,8GB,2.62kg
Lenovo,ThinkPad T570,Notebook,15.6,Intel Core i5 7200U 2.5GHz,8GB,1.95kg
Lenovo,320-15ISK (i3-6006U/4GB/1TB/GeForce,Notebook,15.6,Intel Core i3 6006U 2GHz,4GB,2.2kg
HP,Stream 14-AX000nv,Notebook,14.0,Intel Celeron Dual Core N3060 1.6GHz,2GB,1.44kg
MSI,PL60 7RD,Gaming,15.6,Intel Core i7 7500U 2.7GHz,8GB,2.2kg
HP,250 G5,Notebook,15.6,Intel Core i7 6500U 2.5GHz,8GB,1.96kg
HP,ProBook 450,Notebook,15.6,Intel Core i7 8550U 1.8GHz,16GB,2.1kg
Asus,X553SA-XX021T (N3050/4GB/500GB/W10),Notebook,15.6,Intel Celeron Dual Core N3050 1.6GHz,4GB,2.2kg
Lenovo,V110-15ISK (i5-6200U/4GB/500GB/No,Notebook,15.6,Intel Core i5 6200U 2.3GHz,4GB,2.1kg
Lenovo,IdeaPad 510-15IKB,Notebook,15.6,Intel Core i7 7500U 2.7GHz,8GB,2.2kg
Asus,UX410UA-GV097T (i3-7100U/4GB/256GB/FHD/W10),Notebook,14.0,Intel Core i3 7100U 2.4GHz,4GB,2kg
Lenovo,B51-80 (i7-6500U/4GB/1008GB/FHD/W7),Notebook,15.6,Intel Core i7 6500U 2.5GHz,4GB,2.32kg
Lenovo,IdeaPad Y700-15ISK,Gaming,15.6,Intel Core i7 6700HQ 2.6GHz,16GB,3.31kg
MSI,GS60 Ghost,Gaming,15.6,Intel Core i7 6700HQ 2.6GHz,16GB,1.91kg
HP,ProBook 450,Notebook,15.6,Intel Core i3 6100U 2.3GHz,4GB,2.07kg
Lenovo,ThinkPad X1,2 in 1 Convertible,14.0,Intel Core i5 6200U 2.3GHz,8GB,1.36kg
Lenovo,IdeaPad 310-15IKB,Ultrabook,15.6,Intel Core i7 7500U 2.7GHz,6GB,1.54kg
Dell,Vostro 5568,Notebook,15.6,Intel Core i7 7500U 2.7GHz,8GB,1.98kg
Acer,Aspire 3,Notebook,15.6,Intel Celeron Dual Core N3350 2GHz,4GB,2.1kg
HP,Pavilion 15-BC000nv,Notebook,15.6,Intel Core i7 6700HQ 2.6GHz,6GB,2.18kg
Asus,Rog GL552VW-DM201T,Gaming,15.6,Intel Core i7 6700HQ 2.6GHz,8GB,2.591kg
Dell,Inspiron 5578,2 in 1 Convertible,15.6,Intel Core i7 7500U 2.7GHz,16GB,2.09kg
Acer,Aspire E5-576G,Notebook,15.6,Intel Core i5 7200U 2.5GHz,4GB,2.23kg
Dell,XPS 13,Ultrabook,13.3,Intel Core i5 6300U 2.4GHz,8GB,1.23kg
Acer,Predator G9-793,Gaming,17.3,Intel Core i7 7700HQ 2.8GHz,16GB,4.2kg
Lenovo,Legion Y520-15IKBN,Gaming,15.6,Intel Core i5 7300HQ 2.5GHz,8GB,2.4kg
Samsung,Chromebook Plus,2 in 1 Convertible,12.3,Samsung Cortex A72&A53 2.0GHz,4GB,1.15kg
HP,250 G6,Notebook,15.6,Intel Core i5 7200U 2.5GHz,4GB,1.86kg
Apple,"MacBook 12""",Ultrabook,12.0,Intel Core M 1.1GHz,8GB,0.920kg
Dell,Inspiron 7378,2 in 1 Convertible,13.3,Intel Core i5 7200U 2.5GHz,8GB,1.6kg
HP,Pavilion Power,Notebook,15.6,Intel Core i7 7700HQ 2.8GHz,12GB,2.21kg
Lenovo,V110-15ISK (i3-6006U/4GB/1TB/Radeon,Notebook,15.6,Intel Core i3 6006U 2GHz,4GB,1.9kg
Asus,Rog G752VY-GC229T,Gaming,17.3,Intel Core i7 6700HQ 2.6GHz,16GB,4.3kg
Acer,Aspire 3,Notebook,15.6,Intel Celeron Dual Core N3350 2GHz,4GB,2.1kg
MSI,GS73VR 7RF,Gaming,17.3,Intel Core i7 7700HQ 2.8GHz,16GB,2.43kg
Dell,Inspiron 5567,Notebook,15.6,Intel Core i3 6006U 2.0GHz,4GB,2.3kg
Lenovo,IdeaPad 310-15ISK,Notebook,15.6,Intel Core i7 6500U 2.5GHz,8GB,2.2kg
Dell,Inspiron 5579,2 in 1 Convertible,15.6,Intel Core i7 8550U 1.8GHz,16GB,2kg
Dell,XPS 13,Ultrabook,13.3,Intel Core i7 7500U 2.7GHz,16GB,1.2kg
Asus,FX502VM-DM105T (i7-6700HQ/8GB/1TB/GeForce,Gaming,15.6,Intel Core i7 6700HQ 2.6GHz,8GB,2.2kg
Dell,Inspiron 5567,Notebook,15.6,Intel Core i5 7200U 2.5GHz,8GB,2.36kg
HP,15-bs025nv (i5-7200U/8GB/256GB/W10),Notebook,15.6,Intel Core i5 7200U 2.5GHz,8GB,1.91kg
Lenovo,IdeaPad 320-15AST,Notebook,15.6,AMD E-Series 9000 2.2GHz,4GB,2.2kg
Acer,Aspire E5-774G,Notebook,17.3,Intel Core i3 6006U 2.0GHz,8GB,3.3kg
Asus,Rog Strix,Gaming,15.6,Intel Core i7 7700HQ 2.8GHz,16GB,2.2kg
Apple,"MacBook 12""",Ultrabook,12.0,Intel Core M 1.2GHz,8GB,0.920kg
Asus,FX502VM-AS73 (i7-7700HQ/16GB/1TB,Notebook,15.6,Intel Core i7 7700HQ 2.8GHz,16GB,2.2kg
MSI,GS73VR Stealth,Gaming,17.3,Intel Core i7 6700HQ 2.6GHz,16GB,2.43kg
Dell,Inspiron 7579,2 in 1 Convertible,15.6,Intel Core i5 7200U 2.5GHz,8GB,2.191kg
Asus,ROG Strix,Gaming,17.3,Intel Core i7 7700HQ 2.8GHz,16GB,2.9kg
Acer,C740-C9QX (3205U/2GB/32GB/Chrome,Netbook,11.6,Intel Celeron Dual Core 3205U 1.5GHz,2GB,1.3kg
Acer,E5 774G,Notebook,17.3,Intel Core i3 6006U 2GHz,4GB,3.3kg
Lenovo,IdeaPad 320-17IKB,Notebook,17.3,Intel Core i5 7200U 2.5GHz,8GB,2.8kg
Lenovo,IdeaPad Y700-15ISK,Gaming,15.6,Intel Core i7 6700HQ 2.6GHz,8GB,2.6kg
Acer,SP714-51 (i7-7Y75/8GB/256GB/FHD/W10),2 in 1 Convertible,14.0,Intel Core i7 7Y75 1.3GHz,8GB,1.2kg
Lenovo,Thinkpad T560,Notebook,15.6,Intel Core i7 6600U 2.6GHz,8GB,2.3kg
MSI,GP62MVR 6RF,Gaming,15.6,Intel Core i7 6700HQ 2.6GHz,8GB,2.2kg
HP,15-bw009nv (A12-9720P/6GB/1TB/Radeon,Notebook,15.6,AMD A12-Series 9720P 2.7GHz,6GB,2.1kg
Dell,Latitude E7270,Ultrabook,12.5,Intel Core i5 6300U 2.4GHz,8GB,1.26kg
Dell,Inspiron 5578,2 in 1 Convertible,15.0,Intel Core i3 7100U 2.4GHz,4GB,2.08kg
Asus,X540SA-RBPDN09 (N3710/4GB/1TB/W10),Notebook,15.6,Intel Pentium Quad Core N3710 1.6GHz,4GB,2.65kg
Dell,XPS 13,Ultrabook,13.3,Intel Core i7 7500U 2.7GHz,8GB,1.29kg
Dell,Vostro 3568,Notebook,15.6,Intel Core i5 7200U 2.5GHz,4GB,2.18kg
Lenovo,IdeaPad Y700-15ISK,Gaming,15.6,Intel Core i7 6700HQ 2.6GHz,16GB,2.6kg
MSI,GL62M 7RDX,Gaming,15.6,Intel Core i7 7700HQ 2.8GHz,8GB,2.2kg
Lenovo,ThinkPad Yoga,Netbook,12.5,Intel Core i7 6500U 2.50GHz,16GB,1.3kg
Razer,Blade Pro,Gaming,14.0,Intel Core i7 7700HQ 2.8GHz,16GB,1.95kg
Dell,Inspiron 3567,Notebook,15.6,Intel Core i3 7100U 2.4GHz,8GB,2.3kg
MSI,GE72VR Apache,Gaming,17.3,Intel Core i7 7700HQ 2.8GHz,16GB,2.7kg
Apple,MacBook Air,Ultrabook,11.6,Intel Core i5 1.6GHz,4GB,1.08kg
HP,15-bs023nv (i3-6006U/4GB/1TB/FHD/W10),Notebook,15.6,Intel Core i3 6006U 2GHz,4GB,2.1kg
HP,EliteBook 840,Ultrabook,14.0,Intel Core i7 6500U 2.5GHz,8GB,1.54kg
Dell,Vostro 3559,Notebook,15.6,Intel Core i5 6200U 2.3GHz,4GB,2.24kg
MSI,GL62 6QF,Gaming,15.6,Intel Core i7 6700HQ 2.6GHz,8GB,2.3kg
Lenovo,ThinkPad 13,Notebook,13.3,Intel Core i7 7500U 2.7GHz,16GB,1.4kg
Lenovo,IdeaPad 320-15ABR,Notebook,15.6,AMD A12-Series 9720P 3.6GHz,6GB,2.2kg
Asus,ZenBook UX310UA-WB71,Ultrabook,13.3,Intel Core i7 6500U 2.5GHz,8GB,1.45kg
Acer,Aspire ES1-572,Notebook,15.6,Intel Core i3 6006U 2.0GHz,4GB,2.4kg
Dell,Inspiron 7779,2 in 1 Convertible,17.3,Intel Core i7 7500U 2.7GHz,16GB,2.77kg
HP,EliteBook 840,Notebook,14.0,Intel Core i5 6200U 2.3GHz,4GB,1.54kg
Asus,Rog GL553VE-FY052T,Gaming,15.6,Intel Core i7 7700HQ 2.8GHz,16GB,2.5kg
Dell,Latitude 5480,Notebook,14.0,Intel Core i5 7200U 2.5GHz,4GB,1.6kg
Asus,Rog GL502VS,Gaming,15.6,Intel Core i7 6700HQ 2.6GHz,16GB,2.34kg
Lenovo,V510-15IKB (i5-7200U/8GB/256GB/FHD/No,Notebook,15.6,Intel Core i5 7200U 2.5GHz,8GB,2.3kg
Dell,XPS 13,2 in 1 Convertible,13.3,Intel Core i5 7Y54 1.2GHz,8GB,1.24kg
Dell,Inspiron 3552,Notebook,15.6,Intel Pentium Quad Core N3710 1.6GHz,4GB,2.2kg
HP,255 G6,Notebook,15.6,AMD A6-Series 9220 2.5GHz,4GB,1.86kg
Lenovo,IdeaPad 310-15ISK,Notebook,15.6,Intel Core i3 6100U 2.3GHz,6GB,2.4kg
Lenovo,ThinkPad L460,Notebook,14.0,Intel Core i5 6200U 2.3GHz,8GB,1.9kg
Dell,Inspiron 3552,Notebook,15.6,Intel Pentium Quad Core N3700 1.6GHz,4GB,2.2kg
Asus,X541NA-GO020T (N3350/4GB/1TB/W10),Notebook,15.6,Intel Celeron Dual Core N3350 1.1GHz,4GB,2kg
Asus,Rog G752VT-GC073T,Gaming,17.3,Intel Core i7 6700HQ 2.6GHz,16GB,4.0kg
Dell,Vostro 3568,Notebook,15.6,Intel Core i3 6006U 2GHz,4GB,2.29kg
Lenovo,B51-80 (i7-6500U/8GB/1008GB/Radeon,Notebook,15.6,Intel Core i7 6500U 2.5GHz,8GB,2.32kg
MSI,GE62 Apache,Gaming,15.6,Intel Core i7 6700HQ 2.6GHz,8GB,2.4kg
Lenovo,Yoga 500-14IBD,2 in 1 Convertible,14.0,Intel Core i5 6200U 2.3GHz,4GB,1.8kg
Asus,ZenBook UX305CA-UBM1,Ultrabook,13.3,Intel Core M 6Y30 0.9GHz,8GB,1.2kg
Dell,Inspiron 3567,Notebook,15.6,Intel Core i3 7100U 2.4GHz,6GB,2.3kg
Acer,Aspire ES1-531,Notebook,15.6,Intel Celeron Dual Core N3060 1.6GHz,4GB,2.4kg
Dell,Inspiron 3552,Notebook,15.6,Intel Celeron Dual Core N3050 1.6GHz,2GB,2.20kg
Lenovo,IdeaPad Y700-15ISK,Notebook,15.6,Intel Core i7 6700HQ 2.6GHz,8GB,2.6kg
HP,Pavilion 15-AW003nv,Notebook,15.6,AMD A9-Series 9410 2.9GHz,6GB,2.04kg
Dell,Inspiron 3567,Notebook,15.6,Intel Core i7 7500U 2.7GHz,8GB,2.3kg
HP,Stream 11-Y000na,Netbook,11.6,Intel Celeron Dual Core N3060 1.6GHz,2GB,1.17kg
Asus,X556UJ-XO044T (i7-6500U/4GB/500GB/GeForce,Notebook,15.6,Intel Core i7 6500U 2.5GHz,4GB,2.2kg
Lenovo,Yoga 500-14ISK,2 in 1 Convertible,14.0,Intel Core i7 6500U 2.5GHz,4GB,1.8kg
Lenovo,Yoga 900-13ISK,2 in 1 Convertible,13.3,Intel Core i7 6500U 2.5GHz,16GB,1.3kg
Lenovo,IdeaPad 100S-14IBR,Notebook,14.0,Intel Celeron Dual Core N3050 1.6GHz,2GB,1.5kg
HP,15-AC110nv (i7-6500U/6GB/1TB/Radeon,Notebook,15.6,Intel Core i7 6500U 2.5GHz,6GB,2.19kg
Asus,X553SA-XX031T (N3050/4GB/500GB/W10),Notebook,15.6,Intel Celeron Dual Core N3050 1.6GHz,4GB,2.2kg
Asus,ZenBook UX305CA-UBM1,Ultrabook,13.3,Intel Core M 6Y30 0.9GHz,8GB,1.2kg
Dell,Inspiron 3567,Notebook,15.6,Intel Core i3 7100U 2.4GHz,6GB,2.3kg
Acer,Aspire ES1-531,Notebook,15.6,Intel Celeron Dual Core N3060 1.6GHz,4GB,2.4kg
Dell,Inspiron 3552,Notebook,15.6,Intel Celeron Dual Core N3050 1.6GHz,2GB,2.20kg
Lenovo,IdeaPad Y700-15ISK,Notebook,15.6,Intel Core i7 6700HQ 2.6GHz,8GB,2.6kg
HP,Pavilion 15-AW003nv,Notebook,15.6,AMD A9-Series 9410 2.9GHz,6GB,2.04kg
Dell,Inspiron 3567,Notebook,15.6,Intel Core i7 7500U 2.7GHz,8GB,2.3kg
HP,Stream 11-Y000na,Netbook,11.6,Intel Celeron Dual Core N3060 1.6GHz,2GB,1.17kg
Asus,X556UJ-XO044T (i7-6500U/4GB/500GB/GeForce,Notebook,15.6,Intel Core i7 6500U 2.5GHz,4GB,2.2kg
Lenovo,Yoga 500-14ISK,2 in 1 Convertible,14.0,Intel Core i7 6500U 2.5GHz,4GB,1.8kg
Lenovo,Yoga 900-13ISK,2 in 1 Convertible,13.3,Intel Core i7 6500U 2.5GHz,16GB,1.3kg
Lenovo,IdeaPad 100S-14IBR,Notebook,14.0,Intel Celeron Dual Core N3050 1.6GHz,2GB,1.5kg
HP,15-AC110nv (i7-6500U/6GB/1TB/Radeon,Notebook,15.6,Intel Core i7 6500U 2.5GHz,6GB,2.19kg
Asus,X553SA-XX031T (N3050/4GB/500GB/W10),Notebook,15.6,Intel Celeron Dual Core N3050 1.6GHz,4GB,2.2kg
Asus,ZenBook UX305CA-UBM1,Ultrabook,13.3,Intel Core M 6Y30 0.9GHz,8GB,1.2kg
Dell,Inspiron 3567,Notebook,15.6,Intel Core i3 7100U 2.4GHz,6GB,2.3kg
Acer,Aspire ES1-531,Notebook,15.6,Intel Celeron Dual Core N3060 1.6GHz,4GB,2.4kg
Dell,Inspiron 3552,Notebook,15.6,Intel Celeron Dual Core N3050 1.6GHz,2GB,2.20kg
Lenovo,IdeaPad Y700-15ISK,Notebook,15.6,Intel Core i7 6700HQ 2.6GHz,8GB,2.6kg
HP,Pavilion 15-AW003nv,Notebook,15.6,AMD A9-Series 9410 2.9GHz,6GB,2.04kg
Dell,Inspiron 3567,Notebook,15.6,Intel Core i7 7500U 2.7GHz,8GB,2.3kg
HP,Stream 11-Y000na,Netbook,11.6,Intel Celeron Dual Core N3060 1.6GHz,2GB,1.17kg
Asus,X556UJ-XO044T (i7-6500U/4GB/500GB/GeForce,Notebook,15.6,Intel Core i7 6500U 2.5GHz,4GB,2.2kg
Lenovo,Yoga 500-14ISK,2 in 1 Convertible,14.0,Intel Core i7 6500U 2.5GHz,4GB,1.8kg
Lenovo,Yoga 900-13ISK,2 in 1 Convertible,13.3,Intel Core i7 6500U 2.5GHz,16GB,1.3kg
Lenovo,IdeaPad 100S-14IBR,Notebook,14.0,Intel Celeron Dual Core N3050 1.6GHz,2GB,1.5kg
HP,15-AC110nv (i7-6500U/6GB/1TB/Radeon,Notebook,15.6,Intel Core i7 6500U 2.5GHz,6GB,2.19kg
Asus,X553SA-XX031T (N3050/4GB/500GB/W10),Notebook,15.6,Intel Celeron Dual Core N3050 1.6GHz,4GB,2.2kg
